Product URL,Product Name,Product Price,Ratings,Number_of_Reviews
N/A,N/A,N/A,N/A,N/A
https://www.amazon.in//sspa/click,"uppercase Medium 23 Ltrs Tall Boy (14.6 inch) Laptop Backpack 2500EBP1 3x more water resistant sustainable bag with rain proof zippers for Men, Women, Boys and Girls, 750 Days warranty","₹1,700",4.0,248
https://www.amazon.in//sspa/click,"uppercase Apex Professional Laptop Backpack (15.6 Inch) 3x more water resistant sustainable bags with rain proof zippers for Men, Women, Boys and Girls, 750 Days warranty","₹1,800",4.3,66
https://www.amazon.in//Wesley-Milestone-Waterproof-Backpack-Business/dp/B084JGJ8PF/ref=sr_1_3,Wesley Milestone 2.0 Casual Waterproof Laptop Backpack/Office Bag/School Bag/College Bag/Business Bag/Travel Backpack (Dimensions:13x18 inches) (Compatible with 39.62cm(15.6inch laptop) 30 L (Blue & black),₹550,4.3,"11,841"
https://www.amazon.in//American-Tourister-AMT-SCH-02/dp/B07CJCGM1M/ref=sr_1_4,American Tourister Fizz Large Size 32 Ltrs Casual Backpack (BLACK),"₹1,199",4.0,"55,008"
https://www.amazon.in//Half-Moon-Backpack-Luggage-Compartment/dp/B09VCLZ3K4/ref=sr_1_5,Half Moon Large 37L Laptop Bag Backpack for menं Women Boys and Girls Luggage Travel Bags with 17.3 inches Laptop Compartment & Rain Cover,₹849,3.9,"3,224"
https://www.amazon.in//Skybags-Brat-Black-Casual-Backpack/dp/B08Z1HHHTD/ref=sr_1_6,Skybags Brat Black 46 Cms Casual Backpack,₹669,4.1,"5,188"
https://www.amazon.in//Half-Moon-Waterproof-Backpack-Students/dp/B085MHDJ93/ref=sr_1_7,"Half Moon 35 Ltrs Water Resistant 15.6 inch Laptop Bag for Men/Backpack for Men, Navy Blue | Office Bag for Men/Office Bag for Women with Padded Laptop Compartment | Rain Cover & Reflective Strips",₹649,3.9,"16,585"
https://www.amazon.in//NORTH-ZONE-Waterproof-Backpack-Dimensions/dp/B0BS6QQZYN/ref=sr_1_8,NORTH ZONE Casual Waterproof Laptop Backpack/Office Bag/School Bag/College Bag/Business Bag/Travel Backpack (Dimensions:13x18 inches) (Compatible with 39.62cm(15.6inch laptop) 30 L,₹630,4.0,476
https://www.amazon.in//TRUE-HUMAN-Anti-Theft-backpack-charging/dp/B09QJ7ZF2Y/ref=sr_1_9,"TRUE HUMAN Emperor Anti-Theft backpack With USB charging Port Laptop Bag, Office bag, college bag and anti -theft back pocket (Black)",₹689,3.8,"2,313"
https://www.amazon.in//Gear-Black-Laptop-Backpack-LBPASPIRE0104/dp/B075MK4TXP/ref=sr_1_10,Gear Cello 30 Ltrs Black Laptop Backpack (LBPASPIRE0104),"₹1,125",4.4,"5,912"
https://www.amazon.in//sspa/click,Carbonado Gaming Backpack | For 17.3 inch Laptop Compatible for Carrying Gaming Laptop and Gaming Accessories | Unisex,"₹3,490",4.4,96
https://www.amazon.in//sspa/click,EUME Tourismo 36L Laptop Backpack Bag with 2 Large Compartment for Work Office & Business Travel for Men & Women | Water Resistance | Fit Up to 16 Inch Laptop,"₹2,499",4.4,7
https://www.amazon.in//Gear-Classic-Leather-Backpack-LBPCLSLTH0201/dp/B07G4F6XFH/ref=sr_1_13,Gear Classic 20L Faux Leather Water Resistant Anti Theft Laptop Bag/Backpack for Men/Women (Brown),₹987,4.4,"5,919"
https://www.amazon.in//Wesley-Spartan-Hiking-Raincover-Organiser/dp/B098QFF5TJ/ref=sr_1_14,Wesley Spartan Unisex Travel Hiking Laptop Bag fits Upto 17.3 inch with Raincover and Internal Organiser Backpack Rucksack College Bag,₹749,4.1,"1,556"
https://www.amazon.in//SAFARI-Ltrs-Casual-Backpack-DAYPACKNEO15CBSEB/dp/B07Q7CNPMV/ref=sr_1_15,Safari Compact Size 15 Ltrs Casual Backpack For Unisex Adult - Sea Blue,₹248,4.0,"20,013"
https://www.amazon.in//NORTH-ZONE-Lightweight-Backpacks-Stylish/dp/B0BL3TVDK6/ref=sr_1_16,Northzone Lightweight school bags Backpacks for Boys Girls Stylish men and women Casual Travel Laptop Bag College office (Black) 40L,₹549,4.0,122
https://www.amazon.in//Lenovo-15-6-Inches-Everyday-Backpack/dp/B08R7RPVJF/ref=sr_1_17,"Lenovo 15.6"" (39.62cm) Slim Everyday Backpack, Made in India, Compact, Water-resistant, Organized storage:Laptop sleeve,tablet pocket,front workstation,2-side pockets,Padded adjustable shoulder straps",₹839,4.3,"3,713"
https://www.amazon.in//Number-Backpack-Compartment-Charging-Organizer/dp/B09VTDMRY7/ref=sr_1_18,"FUR JADEN Anti Theft Number Lock Backpack Bag with 15.6 Inch Laptop Compartment, USB Charging Port & Organizer Pocket for Men Women Boys Girls",₹679,4.0,"4,920"
https://www.amazon.in//Wesley-Milestone-Waterproof-Backpack-Business/dp/B085S444JV/ref=sr_1_19,"Wesley Milestone 2.0 Casual Waterproof Laptop Backpack/Office Bag/School Bag/College Bag/Business Bag/Travel Backpack (Dimensions:13x18 inches) (Compatible with 39.62cm(15.6inch laptop) 30 L, Charcoal black",₹550,4.3,"11,841"
https://www.amazon.in//GEAR-Black-Blue-Backpack-years/dp/B019HA8AYG/ref=sr_1_20,Gear CarryOn 16L Foldable Water Resistant School Bag//Backpack/College Bag for Men/Women - Blue Black,₹224,3.7,"6,833"
https://www.amazon.in//sspa/click,Sage Formal Backpack - black,"₹3,499",5.0,2
https://www.amazon.in//sspa/click,Contacts Unisex Vintage Travel Laptop Backpack with usb Charging Port Fits Upto 15.6 Inch Laptop - Blue…,"₹1,199",3.8,"1,151"
N/A,N/A,N/A,N/A,N/A
https://www.amazon.in//sspa/click,POLICE Backpack for Men Casual Laptop Bag Office/Travel/College 30 Ltr Hedge Polyester - Black,"₹1,399",4.1,"5,734"
https://www.amazon.in//sspa/click,EUME Tourismo 36L Laptop Backpack Bag with 2 Large Compartment for Work Office & Business Travel for Men & Women | Water Resistance | Fit Up to 16 Inch Laptop,"₹2,499",4.4,7
https://www.amazon.in//LOOKMUSTER-Waterproof-Backpack-College-Business/dp/B0BZW8KW18/ref=sr_1_19,LOOKMUSTER (15.6 inch 30 L Casual Waterproof Laptop Backpack/Office Bag/School Bag/College Bag/Business Bag/Unisex Travel Backpack,₹439,3.9,33
https://www.amazon.in//TRUE-Emperor-Anti-Theft-backpack-charging/dp/B0BYB631NR/ref=sr_1_20,"TRUE HUMAN® Emperor Anti-Theft Pocket backpack With USB charging Port Laptop,office,college,travel bag for men and women(Epower)",₹680,3.6,183
https://www.amazon.in//American-Tourister-BACKPACK-COMPARTMENT-ORGANIZER/dp/B0BTD4S4XF/ref=sr_1_21,"American Tourister VALEX BLACK LAPTOP BACKPACK 28 Ltrs,Volume, LAPTOP COMPARTMENT, BOTTLE POCKET, FRONT ORGANIZER","₹1,199",4.3,560
https://www.amazon.in//Martucci-Casual-Travelling-Laptop-Backpack/dp/B088B4P6ZW/ref=sr_1_22,Martucci 15.6 inch 30 L Casual Waterproof Laptop Backpack/Office Bag/School Bag/College Bag/Business Bag/Unisex Travel Backpack(Black),₹549,3.9,"7,663"
https://www.amazon.in//NORTH-ZONE-Waterproof-Backpack-Dimensions/dp/B0BS6QM2GD/ref=sr_1_23,NORTH ZONE Casual Waterproof Laptop Backpack/Office Bag/School Bag/College Bag/Business Bag/Travel Backpack (Dimensions:13x18 inches) (Compatible with 39.62cm(15.6inch laptop) 30 L,₹630,4.0,476
https://www.amazon.in//Arctic-Fox-Liters-String-Backpack/dp/B08L6Q9V1H/ref=sr_1_24,Arctic Fox 15 Liters Draw String Bag Lavender Backpack,₹229,4.3,"3,390"
https://www.amazon.in//ADISA-Laptop-Backpack-Office-College/dp/B09TPX22NF/ref=sr_1_25,ADISA 15.6 inch Laptop Backpack Office Bag College Travel Back Pack 32 Ltrs (z-Navy Blue),₹549,3.9,"1,016"
https://www.amazon.in//NORTH-ZONE-Lightweight-Backpacks-Stylish/dp/B0BL3SPN16/ref=sr_1_26,NORTH ZONE Lightweight school bags Backpacks for Boys Girls Stylish men and women Casual Travel Laptop Bag College office,₹482,3.9,830
https://www.amazon.in//sspa/click,"WALKENT Premium 2 in 1 Multifunction Travel Backpack & Laptop Bag Ideal for Sales & Marketing Jobs - Waterproof, Cushioned Strap, Multiple Carrying Positions for Men - (Model Duo, 35 Ltrs)","₹3,029",4.6,19
https://www.amazon.in//sspa/click,F Gear Booster V2 43 Liters Laptop Backpack Sch Bag(Black),"₹1,349",4.0,321
https://www.amazon.in//Rucksack-Travel-Backpack-Trekking-Compartment/dp/B07YDGQQN5/ref=sr_1_29,"Fur Jaden 55 LTR Rucksack Travel Backpack Bag for Trekking, Hiking with Shoe Compartment",₹849,4.3,"5,474"
https://www.amazon.in//Lavie-Sport-Duffle-Luggage-Trolley/dp/B097RJ22Q3/ref=sr_1_30,Lavie Sport Lino Large Size 63 cms Wheel Duffle Bag for Travel | Travel Bag with Trolley,"₹1,049",4.0,"8,063"
https://www.amazon.in//Fur-Jaden-Black-Waterproof-Backpack/dp/B078GLXMDY/ref=sr_1_31,FUR JADEN Anti Theft Backpack 15.6 Inch Laptop Bag with USB Charging Port For Men Women Boys Girls,₹839,4.0,"13,801"
https://www.amazon.in//Nivia-6853-Polyester-Basic-Duffle/dp/B07FWQ9HRV/ref=sr_1_32,NIVIA Basic Duffle Polyester Bag/Gym Bags/Adjustable Shoulder Bag for Men/Duffle Gym Bags for Men/Fitness Bag/Carry Bags/Sports & Travel Bag/Sports Kit/Duffle Bags Travel,₹269,4.0,"3,679"
https://www.amazon.in//Arctic-Fox-Backpack-Charging-Laptop/dp/B089QBD333/ref=sr_1_33,Arctic Fox Slope Anti Theft 23 L Backpack with USB Charging Port 15 Inch Laptop Backpack (Marble Black),"₹1,439",4.5,"4,027"
https://www.amazon.in//Half-Moon-Resistant-Backpack-Compartment/dp/B0BHX7GY16/ref=sr_1_34,Half Moon Large 37L Laptop Bag Backpack for menं Women Boys and Girls Luggage Travel Bags with 17.3 inches Laptop Compartment & Rain Cover,₹849,3.9,"3,224"
https://www.amazon.in//FATMUG-Laptop-Bag-Men-Convertible/dp/B084LF4RT5/ref=sr_1_35,"FATMUG Laptop Bag For Men - Convertible Backpack For Office And Travel (Dark Grey,Oxford Fabric)","₹1,599",4.4,"2,170"
https://www.amazon.in//POLESTAR-Vintage-Laptop-Backpack-bagpack/dp/B081GSQ9D9/ref=sr_1_36,"POLESTAR Vintage 15.6 inch 32 LTR Casual Laptop Backpack/Office Bag/School Bag/College Bag/Business Bag/Unisex Backpack, Water Resistant and Light Weight, 1 year Warranty",₹549,3.9,"9,028"
https://www.amazon.in//sspa/click,Elegant 16 inch 28 L Casual Waterproof Laptop Backpack/Office Bag/School Bag/College Bag/Business Bag/Unisex Travel Backpack,₹799,5.0,5
https://www.amazon.in//sspa/click,"WALKENT Stylish 15.6 inches Laptop Bag - Waterproof & Scratch Resistant Exterior for Office, College, Men, Women","₹1,989",4.6,9
N/A,N/A,N/A,N/A,N/A
https://www.amazon.in//sspa/click,"uppercase 26 Ltrs Ryder Professional Laptop Backpack (15.6 Inch) 3x more water resistant sustainable bags with rain proof zippers for Men, Women, Boys and Girls, 750 Days warranty","₹2,400",4.3,65
https://www.amazon.in//sspa/click,"WALKENT Waterproof Laptop Bag for Men with Side Bottle Pockets, Cushioned Straps & More P2","₹3,990",N/A,N/A
https://www.amazon.in//Wesley-Milestone-Waterproof-Backpack-Business/dp/B07K8KLB3P/ref=sr_1_35,"Wesley Unisex Milestone Casual Waterproof Laptop Office School College Business Travel Backpack 25 L (Dimensions: 12.5x18 inches) (Compatible with 15.6 inch laptops), Navy Blue",₹448,4.3,"13,088"
https://www.amazon.in//ADISA-Casual-Backpack-College-BP046-NAV_Navy/dp/B0BX3QFVSM/ref=sr_1_36,ADISA 31 Ltrs Casual Backpack School College Bag Pack,₹399,3.8,127
https://www.amazon.in//ADISA-BP005-Weight-Casual-Backpack/dp/B07F3X45WZ/ref=sr_1_37,ADISA Light Weight Laptop Backpack 32 Ltrs,₹499,4.0,"6,017"
https://www.amazon.in//Half-Moon-Resistant-Backpack-Compartment/dp/B0BLVQ9NTD/ref=sr_1_38,Half Moon Strike 35L Unisex Spacious School/Laptop/College/Office Travel Backpack Bag for Men Women Boys & Girls with 15.6 inch Padded Laptop Compartment & Multiple Pockets,₹699,3.8,575
https://www.amazon.in//Safari-Laptop-Backpack-Resistant-Fabric/dp/B09B25Z8M2/ref=sr_1_39,Safari Quill Large Laptop Backpack 26 Ltrs Water Resistant Fabric - Black,₹899,3.9,971
https://www.amazon.in//Safari-Backpack-Resistant-Polyester-Travelling/dp/B09B29F66W/ref=sr_1_40,"Safari Flash Casual Backpack, 26 ltr Water Resistant Travel Bags| Weight Polyester Bagpack for Men and Women, Spacious Shoulder Bag for College, Office, Travelling and Camping",₹799,3.8,"2,975"
https://www.amazon.in//Backpack-Small-Black-Water-Repellant/dp/B088XB5XY8/ref=sr_1_41,"Mi Step Out 12 L Mini Backpack (Small Size, Black, Water Repellant)",₹398,4.1,"9,471"
https://www.amazon.in//Nelle-Harper-Womens-Sling-Green/dp/B07JGQM7DC/ref=sr_1_42,Nelle Harper Women's Handbag,₹809,3.7,"1,905"
https://www.amazon.in//sspa/click,Impulse Imptag 45L Laptop Backpack/Office Bag/School Bag/College Bag/Business Bag/Travel Backpack Water Resistant Fits Up to 16 Inch Laptop with Rain Cover & 1 Year Warranty,₹749,4.5,7
https://www.amazon.in//sspa/click,"WALKENT ARCTIC HUNTER Anti-Theft, Hard Top 15.6"" Expandable Laptop Bag with Built-in Combination Lock, Scratch & Water Resistant for Office, College, Men, Women (Model Secure)","₹3,890",N/A,N/A
https://www.amazon.in//Zipline-Nexa-Resistant-Bagpack-Backpack/dp/B08WQ668WJ/ref=sr_1_45,Zipline Unisex Casual Polyester 36 L Backpack School Bag Women Men Boys Girls Children Daypack College Bag Book School Sports Bag,₹843,3.6,928
https://www.amazon.in//ZIPLINE-Polyester-Backpack-Children-Daypack/dp/B07XVMVV77/ref=sr_1_46,Zipline Unisex casual polyester 36 L Backpack School Bag Women Men Boys Girls children Daypack College Bag Book School Sports Bag Weekend Bag,₹843,4.0,"6,090"
https://www.amazon.in//Wesley-Milestone-Waterproof-Backpack-Business/dp/B07NJRPJ6Q/ref=sr_1_47,Wesley Milestone 15.6 inch 25 L Casual Waterproof Laptop Backpack/Office Bag/School Bag/College Bag/Business Bag/Unisex Travel Backpack (Black),₹448,4.3,"13,088"
https://www.amazon.in//Step-Backpack-Small-Water-Repellant/dp/B088XG77KN/ref=sr_1_48,"Mi Step Out 12 L Mini Backpack (Small Size, Red, Water Repellant)",₹319,4.1,"9,471"
https://www.amazon.in//Bagneeds-Synthetic-Leather-Briefcase-Messenger/dp/B0855F8174/ref=sr_1_49,Bagneeds Men's Black Synthetic Leather Briefcase Best Laptop Messenger Bag Satchel for Men,₹759,4.1,"4,493"
https://www.amazon.in//F-Gear-Luxur-Brown-Backpack/dp/B01F7AX9ZA/ref=sr_1_50,F Gear Luxur Brown 25 liter Laptop Backpack (2404),"₹1,162",4.4,"16,965"
https://www.amazon.in//WILDHORN-Backpack-Compartment-Business-Stitching/dp/B09QL66G55/ref=sr_1_51,"WILDHORN 31L Laptop Backpack for Men/Women I Fits upto 15.6"" Laptop I Waterproof I Travel/Business/College Bookbags",₹599,4.0,"1,450"
https://www.amazon.in//Half-Moon-Resistant-Backpack-Compartment/dp/B0BJ32LQ6X/ref=sr_1_52,Half Moon Large 37L Laptop Bag Backpack for menं Women Boys and Girls Luggage Travel Bags with 17.3 inches Laptop Compartment & Rain Cover,₹849,3.9,"3,224"
https://www.amazon.in//sspa/click,"uppercase Laptop Backpack Printed Compact 3x more water repellent sustainable bags with rain proof zippers for Men, Women, Boys & Girls(Pink)","₹1,200",4.3,33
https://www.amazon.in//sspa/click,"uppercase Medium 17 Ltrs Vegan Leather (upto 14 inch) Laptop Backpack 2300EBP1 3x more water resistant sustainable bags with rain proof zippers for Men, Women, Boys and Girls, 750 Days warranty","₹1,600",4.1,505
N/A,N/A,N/A,N/A,N/A
https://www.amazon.in//sspa/click,F Gear Colorado Grey Orange 39 Ltrs Laptop Backpack (3814),₹895,4.2,208
https://www.amazon.in//sspa/click,Contacts Unisex Vintage Travel Laptop Backpack with usb Charging Port Fits Upto 15.6 Inch Laptop - Black…,"₹1,199",3.8,"1,151"
https://www.amazon.in//American-Tourister-BACKPACK-COMPARTMENT-ORGANIZER/dp/B0BTD4FK9G/ref=sr_1_51,"American Tourister VALEX BLUE LAPTOP BACKPACK 28 Ltrs,Volume, LAPTOP COMPARTMENT, BOTTLE POCKET, FRONT ORGANIZER","₹1,399",4.2,517
https://www.amazon.in//BennettTM-Mystic-Shoulder-Messenger-Repellent/dp/B09321GJXZ/ref=sr_1_52,Bennett™ Mystic 15.6 inch (39.6cm) Laptop Briefcase Shoulder Sling Office Business Professional Travel Messenger Bag for Men and Women Water Repellent Formal Executive Bags (Grey) 6 Months Warranty,₹512,4.0,"6,200"
https://www.amazon.in//ADISA-Laptop-Backpack-Office-College/dp/B0BPVLXD53/ref=sr_1_53,ADISA 32L Large Laptop Backpack Office Bag College Travel Back Pack with rain Cover (Grey),₹699,3.8,261
https://www.amazon.in//ADISA-BP010-Weight-Casual-Backpack/dp/B07MXL986B/ref=sr_1_54,ADISA 32 Ltrs Water Resistant Casual Travel Bagpack/College Backpack/School Office Bag for Men and Women,₹499,4.0,"4,023"
https://www.amazon.in//Safari-Laptop-Backpack-Resistant-Fabric/dp/B09B28TKLG/ref=sr_1_55,Safari Quill Large Laptop Backpack 26 Ltrs Water Resistant Fabric - Blue,₹899,4.0,712
https://www.amazon.in//Safari-Casual-Backpack-Charging-Resistant/dp/B09B2581S9/ref=sr_1_56,"Safari Sneak Casual Backpack with USB Charging Port 26 Ltrs Water Resistant Fabric - Grey, L (SNEAK19CBGRE)",₹949,3.8,"1,017"
https://www.amazon.in//STRABO-Cooper-Laptop-Bag-Capacity/dp/B0BX9SVT1D/ref=sr_1_57,"STRABO Cooper for Boys Girls Stylish Men and Women Casual 15"" inch 25L CANVAS Laptop BACKPACK | Office, College, Travel Bag",₹699,4.4,50
https://www.amazon.in//WILDHORN-Backpack-Compartment-Business-Stitching/dp/B09QL81ZHB/ref=sr_1_58,"WILDHORN 31L Laptop Backpack for Men/Women I Fits upto 15.6"" Laptop I Waterproof I Travel/Business/College Bookbags",₹599,4.0,"1,450"
https://www.amazon.in//sspa/click,F Gear Colorado Navy Lmn yelw 39 Ltrs Laptop Backpack (3813),₹999,4.2,113
https://www.amazon.in//sspa/click,Denim Multiorganizer Backpack Compatible with 15.6 inch laptop,₹485,1.5,2
https://www.amazon.in//Police-Polyester-laptop-casual-backpack/dp/B09CQ5T3LN/ref=sr_1_61,POLICE Backpack for Men Casual Laptop Bag Office/Travel/College 30 Ltr Hedge Polyester - Black,"₹1,399",4.1,"5,734"
https://www.amazon.in//Safari-Spartan-Water-Resistant-Backpack/dp/B09B277CR5/ref=sr_1_62,"Safari Spartan 21 Ltrs Water Resistant Backpack - Teal, S (SPARTAN19CBTEA)",₹599,3.8,899
https://www.amazon.in//Lunars-V-Line-Resistant-Bagpack-College/dp/B08BP5CYDV/ref=sr_1_63,"Lunar's V-Line Backpack for Men, Blue | 35L Water Resistant School Bags for Boys | Stylish, & Durable | College Bags for Men/College Bag for Girls | 1 Yr Warranty",₹799,4.1,"2,630"
https://www.amazon.in//American-Tourister-AMT-SCH-BAG02/dp/B07CGLDV2C/ref=sr_1_64,American Tourister Casual Backpack,"₹1,249",4.2,"4,050"
https://www.amazon.in//NORTH-ZONE-Lightweight-Backpacks-Stylish/dp/B0BL3S5NC1/ref=sr_1_65,NORTH ZONE Lightweight school bags Backpacks for Boys Girls Stylish men and women Casual Travel Laptop Bag College office,₹630,3.9,830
https://www.amazon.in//TRUE-EMPEROR-charging-college-CAPTAIN/dp/B0C6HZDWRQ/ref=sr_1_66,"TRUE HUMAN® EMPEROR 15.6 inch laptop bag with USB charging port Laptop bag,office bag, college bags anti theft (CAPTAIN)",₹649,3.8,8
https://www.amazon.in//Lavie-Sport-Duffle-Luggage-Wheeler/dp/B0992JCN1W/ref=sr_1_67,Lavie Sport Lino M Duffle Wheeler Bag for Travel | 2 Wheel Luggage Bag | Travel Bag with Adjustable Handle,₹749,3.8,"3,270"
https://www.amazon.in//Martucci-Waterproof-Backpack-College-Business/dp/B0BRJRVH6D/ref=sr_1_68,Martucci Jersey 45L Casual Waterproof Laptop Backpack/Office Bag/School Bag/College Bag/Business Bag/Unisex Travel Backpack,₹809,3.6,156
https://www.amazon.in//sspa/click,F Gear Bi Frost Executive 28 Liter Laptop Backpack (Brown),₹919,4.3,662
https://www.amazon.in//sspa/click,F Gear Samurai 29 Ltrs Black Casual Backpack,"₹1,249",4.1,90
N/A,N/A,N/A,N/A,N/A
https://www.amazon.in//sspa/click,"WALKENT Waterproof Laptop Bag for Men with Side Bottle Pockets, Cushioned Straps & More P4","₹2,990",N/A,N/A
https://www.amazon.in//sspa/click,F Gear Bi Frost Executive 27 Ltrs Olive Green Laptop Backpack (3140),₹919,4.3,662
https://www.amazon.in//Half-Moon-Trekking-Bags-Compartment/dp/B08PSX1LN9/ref=sr_1_67,Half Moon 45L Hammer Waterproof Laptop Travelling Rucksack Trekking Backpack for Travel Journey bags for Men Women Boys & Girls with 17.3inch Laptop Compartment & Rain cover,"₹1,399",4.1,"1,363"
https://www.amazon.in//ROZEN-School-partition-Collage-Backpack/dp/B0BRTDXVZC/ref=sr_1_68,"ROZEN 47 Ltrs, 46 cms School Bag Class 5-12 Large 5 partition Laptop Collage Office Travel Backpack Unisex",₹697,4.1,155
https://www.amazon.in//School-school-partition-Collage-Backpack/dp/B09NNYCQ1Q/ref=sr_1_69,URBAN CARRIER School Bag For girls school bags for boys Class 5-10 Large 4 partition 45 L Laptop Collage Office Travel Unisex Backpack,₹431,3.5,954
https://www.amazon.in//Waterproof-Backpack-College-Business-Dimensions/dp/B0BW95MXRJ/ref=sr_1_70,NORTH ZONE Casual Waterproof Laptop Backpack/Office Bag/School Bag/College Bag/Business Bag/Travel Backpack (Dimensions:13x18 inches) (Compatible with 39.62cm(15.6inch laptop) 30 L (Blue & black),₹486,4.5,2
https://www.amazon.in//BEAUTY-GIRLS-HOTSHOT-School-1565/dp/B0BFXCHQZ5/ref=sr_1_71,"BEAUTY GIRLS By HOTSHOT Girls School Bag (15ltr , Navy Blue, 1565)",₹499,3.7,272
https://www.amazon.in//STRAUSS-Jute-Yoga-Shoulder-Strap/dp/B0BBWM221J/ref=sr_1_72,"STRAUSS Yoga Mat Bag Cover with Shoulder Strap with Pocket for Men & Women, Drawstring and Full Zip,(Multicolor)",₹179,3.6,739
https://www.amazon.in//Tinytot-School-Backpack-College-Multipurpose/dp/B09C5JVWCW/ref=sr_1_73,Tinytot School Bag School Backpack College Backpack Travel Backpack Office Backpack Multipurpose Backpack Picnic Bag for Boys & Girls,₹589,4.3,462
https://www.amazon.in//Lunars-Bingo-Laptop-Resistant-48L/dp/B08YZ5XY31/ref=sr_1_74,Lunar's Bingo - 48 L Laptop Office/School/Travel/Business Backpack Water Resistant - Fits Up to 15.6 Inch Laptop Notebook with 1 Year Warranty,₹899,3.9,"9,897"
https://www.amazon.in//sspa/click,F Gear CEO Black 25 liter Laptop Backpack,"₹1,160",4.4,690
https://www.amazon.in//sspa/click,BACDA 24 L Casual Laptop Backpack fits 15.6 inch/Office Bag/School Bag/College Bag/Business Bag/Unisex Travel Outdoor Backpack Multifunctional Laptop Bag,₹839,3.7,7
https://www.amazon.in//Tabelito-Laptop-Backpack-15-6-inch-Repellent/dp/B08Y5S6C2P/ref=sr_1_77,"TABELITO Casual Laptop Backpack 15.6-inch, 25 LTR Water Repellent",₹549,4.0,681
https://www.amazon.in//Veneer-Backpack-Fashion-Leather-College/dp/B09BMG8R6Y/ref=sr_1_78,"Veneer Medium 20 L Laptop Backpack Men Womens Girls Fashion PU Leather Mini Casual Backpack Bags for School, College, Tuition, Office Bag",₹998,4.2,930
https://www.amazon.in//Frantic-Velvet-School-Nursery-Travelling/dp/B091757GK4/ref=sr_1_79,"Frantic Velvet Kids Soft Cartoon Animal Travelling School Bag Soft Plush Backpacks Baby Girls Boys for 2 to 5 Years Baby/Boys/Girls Nursery, Picnic,Preschool",₹309,3.8,"5,219"
https://www.amazon.in//HEROZ-Hammer-Durable-Travel-Laptop/dp/B07MGDFT9C/ref=sr_1_80,HEROZ Hammer Unisex Nylon 45 L Travel Laptop Backpack Water Resistant Slim Durable Fits Up to 17.3 Inch Laptop Notebook (All) (Grey & Black),"₹1,359",4.2,"8,033"
https://www.amazon.in//F-Gear-Blackhawk-Black-Laptop-Backpack/dp/B07XMRGQCM/ref=sr_1_81,F Gear Blackhawk 40 Ltrs Black Laptop Backpack (3178),"₹1,430",4.3,"1,036"
https://www.amazon.in//Waterproof-Backpack-Students-adjustable-Compartment/dp/B09V5HRYR7/ref=sr_1_82,CAPRIFF 32 L Casual Waterproof Laptop Bag/Backpack for Men Boys & Girls For Office School College Teens & Students with Rain Cover With adjustable Strap With 2 Compartment,₹699,3.8,"3,102"
https://www.amazon.in//ADISA-Laptop-Backpack-Office-College/dp/B0BPVCBFM7/ref=sr_1_83,ADISA 32L Large Laptop Backpack Office Bag College Travel Back Pack with rain Cover (Green),₹646,3.8,261
https://www.amazon.in//Hilfiger-Connor-Backpack-TH-CONNORLAP07/dp/B07N99SXB1/ref=sr_1_84,Tommy Hilfiger Connor Laptop Backpack,"₹1,649",4.1,127
https://www.amazon.in//sspa/click,"Contacts 15 inch Everyday Laptop Versatile Backpack with USB Charging Port | Multi functional Bagpack, Black…",₹999,3.8,"1,151"
https://www.amazon.in//sspa/click,"Half Moon Vision Water Resistant 15.6 inch Laptop Bag for Men/Backpack for Men, Blue | Office Bag for Men/Office Bag for Women with Padded Laptop Compartment |",₹599,4.4,18
N/A,N/A,N/A,N/A,N/A
https://www.amazon.in//sspa/click,BACDA 24 L Casual Laptop Backpack fits 15.6 inch/Office Bag/School Bag/College Bag/Business Bag/Unisex Travel Outdoor Backpack Multifunctional Laptop Bag,₹839,3.7,7
https://www.amazon.in//sspa/click,"EUME Virgo 3 Compartment Office and College Bags, Polyester Casual Daypacks, Laptop Backpacks","₹1,199",4.2,297
https://www.amazon.in//MuscleBlaze-Duffle-Women-Sports-Weekender/dp/B0C8BBNB8B/ref=sr_1_83,"MuscleBlaze Gym Duffle Bag for Women and Men, Sports Bag, Weekender Bag, Black, 30 L",₹449,5.0,4
https://www.amazon.in//Half-Moon-Backpack-Spacious-Multiple/dp/B0C23Z9W18/ref=sr_1_84,Half Moon Aztec 37L School Bag Class 5-12 | College Bagpack for Men/College Back pack for Women | 15.6 inch Laptop Bag for Men/Backpack for Men | Spacious & Multiple Pockets,₹649,3.7,154
https://www.amazon.in//Swisslook-Polyester-15-6-inch-Backpack-Waterproof/dp/B07XYTZP4Z/ref=sr_1_85,Red Lemon Swisslook Polyester Bange Series 45L 15.6-inch Laptop Bags Backpack for Men and Women Semi Waterproof USB with Anti Theft Pocket Travel Backpack,"₹2,839",4.3,"1,707"
https://www.amazon.in//Safari-Sheild-Resistant-Casual-Backpack/dp/B09B26T7KQ/ref=sr_1_86,Safari Sheild 26 Ltrs Water Resistant Casual Backpack - (SHEILD19CBBLK),₹699,3.9,"1,106"
https://www.amazon.in//FATMUG-Foldable-Luggage-Packing-Storage/dp/B07YFNXC3H/ref=sr_1_87,"FATMUG Polyester Foldable Duffle Travel Bag Luggage For Travel, Packing And Storage - Men And Women - (60 L, Black)","₹1,099",4.2,"1,408"
https://www.amazon.in//Half-Moon-Spacious-Backpack-Compartment/dp/B0C23BYDML/ref=sr_1_88,Half Moon Strike 35L Unisex Spacious School/Laptop/College/Office Travel Backpack Bag for Men Women Boys & Girls with 15.6 inch Padded Laptop Compartment & Multiple Pockets,₹699,3.4,19
https://www.amazon.in//Genie-Clara-Backpack-Women-compartments/dp/B097JJGR1N/ref=sr_1_89,"Genie Clara Backpack for Women - 3 compartments, Laptop Bags for Girls, Stylish and Trendy College Backpacks for Girls, Water Resistant and Lightweight Bags for Office and Travelling Purpose.","₹1,279",4.4,194
https://www.amazon.in//LOOKMUSTER-Waterproof-Backpack-College-Business/dp/B0BS6YGKMC/ref=sr_1_90,LOOKMUSTER Casual Waterproof Laptop Backpack/Office Bag/School Bag/College Bag/Business Bag/Travel Backpack…,₹499,3.8,36
https://www.amazon.in//sspa/click,AFN FASHION 45 Ltrs Casual backpack/office/School Bag/Laptop Backpack for (15.6 inch) Blue,₹749,3.9,"1,659"
https://www.amazon.in//sspa/click,"uppercase SealPro Professional Laptop Backpack (15.6 Inch) 3x more water resistant sustainable bags with rain proof zippers & Anti-theft for Men, Women, Boys and Girls, 750 Days warranty","₹1,900",4.6,69
https://www.amazon.in//AirCase-C34-Laptop-Backpack-Women/dp/B07QN4KXWG/ref=sr_1_93,"AirCase Laptop Bag Backpack Case Pouch for Laptop Backpack for Men & Women,Premium Vegan Leather",₹929,3.8,857
https://www.amazon.in//Fur-Jaden-resistant-Backpack-BM100_Brown/dp/B07P5X6NSN/ref=sr_1_94,FUR JADEN Vegan Leather 30L 15.6 Inch Laptop Backpack for Men Women for Office Professionals and College Students Brown,₹839,4.2,"2,319"
https://www.amazon.in//Half-Moon-Laptop-Bag-Compartment/dp/B0C1NZLF67/ref=sr_1_95,Half Moon Valex Unisex School Bag/Laptop Backpack/College Bagpack/Office Back Packed | Laptop Bag for Men & Women | School Bags for Boys & Girls with Small Pockets & Laptop Compartment,₹649,3.6,64
https://www.amazon.in//Derben-Fabric-Leather-Laptop-Messenger/dp/B08TVL3MWJ/ref=sr_1_96,"DERBEN CLOVE® 15.6 Men and Women Laptop, MacBook Shoulder Messenger Sling Office Bag - Grey",₹899,4.1,157
https://www.amazon.in//Martucci-Laptop-Backpack-College-Reflective/dp/B0B7DT6HY3/ref=sr_1_97,Martucci Large 35 L Backpack Spacy Unisex/College/School/Travel Backpack with Rain Cover and Reflective Strip,₹746,4.0,"1,219"
https://www.amazon.in//ADISA-BP004-Weight-Casual-Backpack/dp/B07G3CG9FC/ref=sr_1_98,ADISA Laptop Backpack 31 Ltrs,₹499,4.0,"8,965"
https://www.amazon.in//Wildcraft-Packs18-Laptop-Backpack-Streak/dp/B07FC4D9B5/ref=sr_1_99,Wildcraft Work Packs'18 21 Ltrs Black Laptop Backpack (Streak Plus),"₹1,374",4.4,"1,977"
https://www.amazon.in//Impulse-rucksack-75-backpack-trekking/dp/B09T9XDQ99/ref=sr_1_100,Impulse rucksack bags 75 litres travel bag for men tourist bag for travel backpack for hiking trekking Bag for men camping thames blue bag with 1 Year Warranty,"₹1,166",4.0,521
https://www.amazon.in//sspa/click,"Genie Miami Laptop Backpack for Women, 16 inches Office Bag, Sky Blue Stylish and Trendy Bag for Office and College",₹799,4.2,"1,454"
https://www.amazon.in//sspa/click,"uppercase Matrix Professional Anti-theft Laptop Backpack (15.6 Inch) 3x more water resistant sustainable bags with rain proof zippers for Men, Women, Boys and Girls, 750 Days warranty","₹2,300",4.3,52
N/A,N/A,N/A,N/A,N/A
https://www.amazon.in//sspa/click,"WALKENT Waterproof Laptop Bag for Men with Side Bottle Pockets, Cushioned Straps & More P3","₹4,990",N/A,N/A
https://www.amazon.in//sspa/click,Contacts 15 inch Everyday Laptop Versatile Backpack with USB Charging Port | Multi functional Bagpack (Black)…,"₹1,398",3.8,"1,151"
https://www.amazon.in//TRUE-HUMAN-Anti-Theft-charging-combination/dp/B09H7PK5ML/ref=sr_1_99,TRUE HUMAN Anti-Theft and USB charging port backpack with security lock Laptop bag|office bag| for men and women (Grey),₹649,3.8,"1,854"
https://www.amazon.in//Capriff-Liters-Collage-travell-Backpack/dp/B084T7X2HX/ref=sr_1_100,CAPRIFF 32 L Casual Waterproof Laptop Bag/Backpack for Men Boys & Girls For Office School College Teens & Students with Rain Cover With adjustable Strap With 2 Compartment,₹539,3.8,"3,102"
https://www.amazon.in//Trends-Light-Weight-Unisex-Sling/dp/B07MX7PFQT/ref=sr_1_101,TRENDS Unisex Sling Bag (Sea Green),₹299,4.0,366
https://www.amazon.in//Genie-Heartbeat-compartments-Lightweight-Travelling/dp/B097JJFF6Z/ref=sr_1_102,"Genie Heartbeat Backpack for Women 3 compartments, School Bags for Girls, Stylish and Trendy College Backpacks for Girls, Water Resistant and Lightweight Bags for Office and Travelling Purpose.",₹870,4.5,269
https://www.amazon.in//Half-Moon-Resistant-Backpack-Compartment/dp/B09GG53CSL/ref=sr_1_103,Half Moon 34 L Water Resistant 15.6 inch Laptop Bag/Backpack for Men Women Boys Girls/Office School College with Padded Laptop Compartment (Grey),₹699,3.9,"1,340"
https://www.amazon.in//POLESTAR-Ranker-Casual-Bagpack-Backpack/dp/B08421BRQ2/ref=sr_1_104,"POLESTAR Ranker 15.6 inch 32 LTR Casual Laptop Backpack/Office Bag/School Bag/College Bag/Business Bag/Unisex Backpack, Water Resistant and Light Weight, 1 year Warranty",₹669,4.1,"7,569"
https://www.amazon.in//ADISA-Womens-Girls-Party-Crossbody/dp/B0B2WBJ2H8/ref=sr_1_105,ADISA Women's Girls Party Sling Bag Crossbody,₹378,4.0,573
https://www.amazon.in//Backpack-Colleges-Luggage-Waterproof-Stylish/dp/B09GYGCK54/ref=sr_1_106,"URBAN CARRIER Unisex Waterproof Medium Laptop Backpack for School and Colleges (Grey, Large, 45 Liters)",₹579,4.0,414
https://www.amazon.in//sspa/click,SYUTM Premium Roll Top Backpack Rucksack Travel Laptop Bag Backpack (Jetblack With Buckle),"₹1,235",4.6,7
https://www.amazon.in//sspa/click,F Gear Ceo 25 Ltrs Olive Green Laptop Backpack (3190),"₹1,160",4.4,132
https://www.amazon.in//DZert-Polyester-Black-White-Backpack/dp/B07GXX2BP3/ref=sr_1_109,DZert Clasy Laptop Bag College Bag for Boys Girls 21 L Red Black,₹339,3.8,"2,496"
https://www.amazon.in//Fast-Travel-partition-Collage-Backpack/dp/B09VCQWRC4/ref=sr_1_110,"Fast Travel 45 Ltrs, 46 cms School Bag Class 5-12 Large 4 partition Laptop Collage Office Travel Backpack Unisex",₹692,4.1,946
https://www.amazon.in//SFANE-Polyester-Shoulder-Separate-Compartment/dp/B08KG7J7L5/ref=sr_1_111,"SFANE Polyester Red Duffel Gym Bag, Shoulder Bag, Sports Bag for Men & Women with Separate Shoe Compartment (Black) (Red) Set Of 1",₹427,4.3,332
https://www.amazon.in//Trajectory-Elegant-15-6-Laptop-Office/dp/B09RK6NCGC/ref=sr_1_112,Trajectory 15.6 Inch Vegan Leather Messenger Laptop bag for men in Office for all laptop like Apple MacBook with 2 Years Warranty and Spacious Multiple Compartment with Expandable Bottom Used as Shoulder and Handbag for Men,"₹1,399",4.1,476
https://www.amazon.in//ADISA-Laptop-Backpack-Office-College/dp/B0BPTV3795/ref=sr_1_113,ADISA 32L Large Laptop Backpack Office Bag College Travel Back Pack with rain Cover (Black),₹646,3.8,261
https://www.amazon.in//NORTH-ZONE-Lightweight-Backpacks-Stylish/dp/B0BL3SDSGZ/ref=sr_1_114,NORTH ZONE Lightweight school bags Backpacks for Boys Girls Stylish men and women Casual Travel Laptop Bag College office,₹630,3.9,830
https://www.amazon.in//AmazonBasics-Casual-Backpack-Office-15-6-inch/dp/B09W4VMZ79/ref=sr_1_115,AmazonBasics - Casual Backpack/Office Bag/ for a 15.6-inch Laptop,₹699,4.2,648
https://www.amazon.in//Classic-Leather-Laptop-Backpack-LBPCLSLTH1901/dp/B07G4CYC74/ref=sr_1_116,Gear Classic 20L Faux Leather Water Resistant Anti Theft Laptop Bag/Backpack for Men/Women-Tan,₹979,4.4,"2,486"
https://www.amazon.in//sspa/click,BACDA 24 L Casual Laptop Backpack fits 15.6 inch/Office Bag/School Bag/College Bag/Business Bag/Unisex Travel Outdoor Backpack Multifunctional Laptop Bag,₹839,3.7,7
https://www.amazon.in//sspa/click,"EUME Virgo 29 Liter, 2 Compartment Office and College Bags, Polyester Casual Daypacks, Laptop Backpacks, Navy Blue Color",₹999,4.1,178
N/A,N/A,N/A,N/A,N/A
https://www.amazon.in//sspa/click,"STRABO Cooper for Boys Girls Stylish Men and Women Casual 15"" inch 25L CANVAS Laptop BACKPACK | Office, College, Travel Bag",₹699,4.4,50
https://www.amazon.in//sspa/click,"WALKENT Waterproof Laptop Bag for Men with Side Bottle Pockets, Cushioned Straps & More P1","₹2,990",N/A,N/A
https://www.amazon.in//AmazonBasics-Casual-Backpack-Office-15-6-inch/dp/B09W4VMZ79/ref=sr_1_115,AmazonBasics - Casual Backpack/Office Bag/ for a 15.6-inch Laptop,₹699,4.2,648
https://www.amazon.in//Classic-Leather-Laptop-Backpack-LBPCLSLTH1901/dp/B07G4CYC74/ref=sr_1_116,Gear Classic 20L Faux Leather Water Resistant Anti Theft Laptop Bag/Backpack for Men/Women-Tan,₹979,4.4,"2,486"
https://www.amazon.in//Sprqcart-Travel-Shoulder-Weekender-Overnight/dp/B0C3RBGHCN/ref=sr_1_117,"Sprqcart Travel Duffel Bag, Sports Tote Gym Bag, Shoulder Weekender Overnight Bag for Women (Green)",₹474.05,4.5,22
https://www.amazon.in//Gear-Colorado-Orange-Laptop-Backpack/dp/B097K6KD7W/ref=sr_1_118,F Gear Colorado Grey Orange 39 Ltrs Laptop Backpack (3814),₹895,4.2,208
https://www.amazon.in//Urban-Tribe-Laptop-Backpack-Havana/dp/B01LXNNFDF/ref=sr_1_119,"URBAN TRIBE Havana Laptop Backpack for Men & Women | Laptop Bag 15.6 inch | Office Work/Casual/College Bag | Black, 27L",₹939,3.9,782
https://www.amazon.in//Skybags-Unisex-Blith-Jacquard-Backpacks/dp/B0B21Z3DBD/ref=sr_1_120,Skybags 22 ltrs (16 Cms) backpack(BPFLE22EBTH_Blith),₹899,4.2,36
https://www.amazon.in//PAZZO-Alto-40L-Casual-Backpack/dp/B07VT3F795/ref=sr_1_121,"PAZZO Alto 40L Casual Backpack - 3 Compartment Travel Backpack, College|School Bag with 1 Year Warranty",₹849,4.0,"1,768"
https://www.amazon.in//Genie-compartments-Resistant-Lightweight-Travelling/dp/B097JJ64SH/ref=sr_1_122,"Genie Fringe Laptop Backpack for Women, 3 compartments, Stylish and Trendy College Bags for Girls, Water Resistant and Lightweight Bags for Office and Travelling Purpose. 36 litres","₹1,299",5.0,8
https://www.amazon.in//sspa/click,Contacts 15 inch Everyday Laptop Versatile Backpack with USB Charging Port | Multi functional Bagpack (Grey)…,₹999,3.8,"1,151"
https://www.amazon.in//sspa/click,Dejan Stylish Backpack | Laptop Bag | School Bag | Office Bag 40L Waterproof Backpack,₹599,N/A,N/A
https://www.amazon.in//Genie-compartments-Lightweight-Travelling-Purpose-36/dp/B097JHSJTL/ref=sr_1_125,"Genie Lily Laptop Backpack for Women, 3 compartments, Stylish and Trendy College Bags for Girls, Water Resistant and Lightweight Bags for Office and Travelling Purpose.36 litres (19 inch) Black colour",₹899,5.0,1
https://www.amazon.in//Crossbody-Adjustable-Durable-Water-Resistant-Travel-Friendly/dp/B0C3RC1ZG2/ref=sr_1_126,"Amazon Basics Sling Bag/Crossbody Bag with Adjustable Strap for Daily and Travel Use, Durable, Water-Resistant, Travel-Friendly (Unisex, Blue)",₹349,4.7,985
https://www.amazon.in//F-Gear-Enzo-Waist-Bag-Enzo-Spruce-Yellow/dp/B08QM71P12/ref=sr_1_127,F Gear Enzo Sports Waist Bag (Enzo Spruce Yellow),₹265,4.2,201
https://www.amazon.in//ADISA-Laptop-Backpack-College-z-Black/dp/B09TPY1G1W/ref=sr_1_128,ADISA 15.6 inch Laptop Backpack Office Bag College Travel Back Pack 32 Ltrs (z-Black),₹549,3.9,"1,016"
https://www.amazon.in//Impulse-rucksack-60-backpack-trekking/dp/B09TDL9FJ8/ref=sr_1_129,Impulse rucksack bags 60 litres travel bag for men tourist bag for travel backpack for hiking trekking Bag for men camping thames blue bag with 1 Year Warranty,₹999,3.9,340
https://www.amazon.in//TRAVEL-POINT-Backpack-Multipurpose-DOUBLE-LINE-YELLOW/dp/B0B2JRGLXQ/ref=sr_1_130,TRAVEL POINT 30L Laptop Backpack | School Bag | School Backpack | College Backpack | Travel Backpack | Office Backpack | Multipurpose Backpack For Men & Women (DOUBLE-LINE-YELLOW) with 1 Year Warranty,₹489,3.9,15
https://www.amazon.in//Hammonds-Flycatcher-Leather-Messenger-LB190BRN/dp/B083M1QK32/ref=sr_1_131,HAMMONDS FLYCATCHER Laptop Bag for Men - Genuine Leather Messenger Shoulder Bag - Fits 14/15.6/16 Inch Laptops - Brown Office Bag - Multiple Pockets -Water Resistant -Executive Bag for Work and Travel,"₹5,255",4.4,571
https://www.amazon.in//HYDER-Gamepad-Waterproof-Backpack-Everyday/dp/B0BR3KK8TR/ref=sr_1_132,"HYDER 35L Latest And Trendy Stylish Waterproof College/Casual/School Bag/Backpack For Kids, Boys, Girls, Men And Women | Best Bags For Everyday Use",₹735,4.2,133
https://www.amazon.in//sspa/click,"WALKENT Premium 15.6 Inch Laptop Bag Anti-Theft, Waterproof Backpack, External USB, Trolley Strap,Multiple Pockets, Cushioned Strap, Bags for Office College - Craft (27ltr)","₹2,109",4.1,413
https://www.amazon.in//sspa/click,Lunar's Comet 35L Water Resistant Travel Bagpack/College Backpack/School Bag/Office Bag/Business Backpack/Daypack for Men and Women with 1 Year Warranty,₹849,4.0,"13,542"
N/A,N/A,N/A,N/A,N/A
https://www.amazon.in//sspa/click,"STRABO Cooper for Boys Girls Stylish Men and Women Casual 15"" inch 25L CANVAS Laptop BACKPACK | Office, College, Travel Bag",₹699,4.4,50
https://www.amazon.in//sspa/click,Dejan Stylish Backpack | Laptop Bag | School Bag | Office Bag 40L Waterproof Backpack,₹599,N/A,N/A
https://www.amazon.in//House-Quirk-Maternity-Backpack-Elephant/dp/B07QV7SH4S/ref=sr_1_131,House of Quirk Baby Diaper Bag Maternity Backpack (Blue Elephant Printed),"₹1,399",4.3,"3,909"
https://www.amazon.in//MosQuick%C2%AE-Drawstring-Organizing-Stationery-multipurpose/dp/B09SB42QFQ/ref=sr_1_132,"MosQuick® Clear large Drawstring Bags Clear Plastic Travel Bags, Travel Garments Organizing Storage Plastic Bags ,Shoe bags , Stationery Bag,multipurpose bag - Translucent",₹310,4.0,69
https://www.amazon.in//Fur-Jaden-Charging-Waterproof-BM36_BlueZip/dp/B07MXM5M99/ref=sr_1_133,"Fur Jaden 15.6 Inch Laptop Backpack 25 LTR Bag for School, College and Office with USB Charging Port",₹479,3.9,"10,300"
https://www.amazon.in//DZert-School-Polyester-Backpack-White/dp/B07GXYHFCY/ref=sr_1_134,DZert Clasy Laptop Bag College Bag for Boys Girls 21 L Blue White,₹339,3.8,"2,496"
https://www.amazon.in//Lunars-Heritage-Casual-Bagpack-College/dp/B08CBJDBH4/ref=sr_1_135,Lunar's Heritage 37L Casual Water Resistant 3 Compartment Travel Bagpack/College Backpack/School Bag (Black),₹799,4.0,877
https://www.amazon.in//Skybags-Unisex-Blith-Jacquard-Backpacks/dp/B0B21Z3DBD/ref=sr_1_136,Skybags 22 ltrs (16 Cms) backpack(BPFLE22EBTH_Blith),₹899,4.2,36
https://www.amazon.in//Genie-compartments-Resistant-Lightweight-Travelling/dp/B097JJDZ47/ref=sr_1_137,"Genie Bliss Laptop Backpack for Women, 3 compartments, Stylish and Trendy College Bags for Girls, Water Resistant and Lightweight Bags for Office and Travelling Purpose. 36 litres. (19 inch)",₹899,N/A,N/A
https://www.amazon.in//SACCI-MUCCI-Allamanda-Lightweight-SM1-10_magnolia/dp/B09TDNZ88Z/ref=sr_1_138,"SACCI MUCCI Women's Rainbow Sling Bag, Handmade Bags for Females - 100% Vegan Leather and Coated Duck canvas Fabric, Lightweight and Durable",₹499,4.2,899
https://www.amazon.in//sspa/click,Half Moon 30L Water Resistant 15.6 inch Laptop Bag/Backpack for Men | School Bag for Boys Girls | Office Bag pack for Men/Office Back Packed for Women with Padded Laptop Compartment,₹599,3.6,75
https://www.amazon.in//sspa/click,Chris & Kate Spacious 35 Ltrs Backpack for School College Everyday Bag With Laptop Compartment Casual Backpack for Boys and Girls,₹899,5.0,1
https://www.amazon.in//Half-Moon-Backpack-Spacious-Multiple/dp/B0C6N3MYL2/ref=sr_1_141,Half Moon Aztec 37L School Bag Class 5-12 | College Bagpack for Men/College Back pack for Women | 15.6 inch Laptop Bag for Men/Backpack for Men | Spacious & Multiple Pockets,₹599,3.7,154
https://www.amazon.in//Half-Moon-Backpack-Spacious-Multiple/dp/B0C241FLW2/ref=sr_1_142,Half Moon Aztec 37L School Bag Class 5-12 | College Bagpack for Men/College Back pack for Women | 15.6 inch Laptop Bag for Men/Backpack for Men | Spacious & Multiple Pockets,₹649,3.7,154
https://www.amazon.in//Chic-Buddy-Waterproof-Swimsuits-Toiletries/dp/B09KSBHC18/ref=sr_1_143,"Chic Buddy Waterproof Wet Bag, Washable, Reusable for Travel, Beach, Pool, Stroller, Diapers, Dirty Gym Clothes, Wet Swimsuits, Toiletries",₹299,4.4,380
https://www.amazon.in//Hilfiger-Joshua-Backpack-TH-JOSHUALAP01/dp/B07N8GRWTZ/ref=sr_1_144,Tommy Hilfiger Joshua Laptop Backpack,"₹2,079",4.2,343
https://www.amazon.in//Crossbody-Adjustable-Durable-Water-Resistant-Travel-Friendly/dp/B0C3RC1ZG2/ref=sr_1_145,"Amazon Basics Sling Bag/Crossbody Bag with Adjustable Strap for Daily and Travel Use, Durable, Water-Resistant, Travel-Friendly (Unisex, Blue)",₹349,4.7,985
https://www.amazon.in//Amazon-Basics-Messenger-13-3-Inch-14-Inch/dp/B09WMQ4Y7H/ref=sr_1_146,"Amazon Basics- Laptop Messenger Bag for 13.3-Inch, 14-Inch, 15.6 -Inch Laptop Bag for Men and Women",₹499,3.7,61
https://www.amazon.in//Impulse-rucksack-60-backpack-trekking/dp/B09TDL9FJ8/ref=sr_1_147,Impulse rucksack bags 60 litres travel bag for men tourist bag for travel backpack for hiking trekking Bag for men camping thames blue bag with 1 Year Warranty,₹999,3.9,340
https://www.amazon.in//TRAVEL-POINT-Backpack-Multipurpose-DOUBLE-LINE-YELLOW/dp/B0B2JRGLXQ/ref=sr_1_148,TRAVEL POINT 30L Laptop Backpack | School Bag | School Backpack | College Backpack | Travel Backpack | Office Backpack | Multipurpose Backpack For Men & Women (DOUBLE-LINE-YELLOW) with 1 Year Warranty,₹489,3.9,15
https://www.amazon.in//sspa/click,BACDA Laptop Backpack Laptop Bags Casual 38L Office School Travel Business Bag Backpack for Men Women Boys Girls Fits 15.6 Inch Laptop and Notebook (1017) (Black-01),₹989,4.3,19
https://www.amazon.in//sspa/click,"WALKENT Premium Spruce Laptop Bag, Stylish 15.6 Inch Vegan Leather Backpack, Waterproof, External USB, Multi Pockets, Cushioned Strap, Side Bottle Pockets for College, Office, Men, Women","₹3,190",4.5,19
N/A,N/A,N/A,N/A,N/A
https://www.amazon.in//sspa/click,BACDA Backpack Laptop Bags 21L High Capacity Durable Handcrafted Ergo Padded Shoulder Straps Lightweight 3 Compartments for Office School Travel Business Bag Men Women Boys Girls Fits Casual,₹799,3.0,2
https://www.amazon.in//sspa/click,Elegant 16 inch 28 L Casual Waterproof Laptop Backpack/Office Bag/School Bag/College Bag/Business Bag/Unisex Travel Backpack,₹849,5.0,5
https://www.amazon.in//Skybags-Unisex-Blith-Jacquard-Backpacks/dp/B0B21Z3DBD/ref=sr_1_147,Skybags 22 ltrs (16 Cms) backpack(BPFLE22EBTH_Blith),₹899,4.2,36
https://www.amazon.in//PAZZO-Alto-40L-Casual-Backpack/dp/B07VT3F795/ref=sr_1_148,"PAZZO Alto 40L Casual Backpack - 3 Compartment Travel Backpack, College|School Bag with 1 Year Warranty",₹849,4.0,"1,768"
https://www.amazon.in//Mi-Business-Casual-Resistant-Backpack/dp/B07YY6PTMN/ref=sr_1_149,MI Business Casual 21L Water Resistant Laptop Backpack,₹949,4.4,"4,516"
https://www.amazon.in//Impulse-Impbee-Backpack-Business-Resistant/dp/B0C1CSS81H/ref=sr_1_150,Impulse Impbee 45L Laptop Backpack/Office Bag/School Bag/College Bag/Business Bag/Travel Backpack Water Resistant Fits Up to 16 Inch Laptop with Rain Cover & 1 Year Warranty,₹881,4.0,6
https://www.amazon.in//Crossbody-Adjustable-Durable-Water-Resistant-Travel-Friendly/dp/B0C3RC1ZG2/ref=sr_1_151,"Amazon Basics Sling Bag/Crossbody Bag with Adjustable Strap for Daily and Travel Use, Durable, Water-Resistant, Travel-Friendly (Unisex, Blue)",₹349,4.7,985
https://www.amazon.in//Chic-Buddy-Waterproof-Swimsuits-Toiletries/dp/B09KSBHC18/ref=sr_1_152,"Chic Buddy Waterproof Wet Bag, Washable, Reusable for Travel, Beach, Pool, Stroller, Diapers, Dirty Gym Clothes, Wet Swimsuits, Toiletries",₹299,4.4,380
https://www.amazon.in//Pramadda-Pure-Luxury-Backpack-Bagpacks/dp/B0C6NNPZTC/ref=sr_1_153,Pramadda Pure Luxury Milan Casual Vegan Leather 15.6 inch Laptop Backpack for Men and Women | Stylish School College Office Travel Bagpacks | Trendy Office Laptop Bag For Men. (Classic Black),"₹1,200",4.9,11
https://www.amazon.in//HYDER-Gamepad-Waterproof-Backpack-Everyday/dp/B0BR3KK8TR/ref=sr_1_154,"HYDER 35L Latest And Trendy Stylish Waterproof College/Casual/School Bag/Backpack For Kids, Boys, Girls, Men And Women | Best Bags For Everyday Use",₹735,4.2,133
https://www.amazon.in//sspa/click,F Gear,"₹1,490",4.1,835
https://www.amazon.in//sspa/click,F Gear Sedna 27 Liters Laptop Backpack Sch Bag(Brown),"₹1,249",4.3,175
https://www.amazon.in//ADISA-Laptop-Backpack-Office-College/dp/B0BVRJYD9Q/ref=sr_1_157,ADISA 32L Large Laptop Backpack Office Bag College Travel Back Pack with rain Cover (Navy),₹699,3.7,44
https://www.amazon.in//FloMotif-Business-Shoulder-material-resistant/dp/B07NHYLTY7/ref=sr_1_158,ZOUK Black Floral Printed Handmade Vegan Leather Women's Office Bag for 15.6 inch Laptop with double handles - FloMotif,"₹1,689",4.3,956
https://www.amazon.in//POLESTAR-backpack-Backpack-College-Students/dp/B08X2KRL8B/ref=sr_1_159,"POLESTAR Leader 34 L Bag for College, School, Office, Casual Multipurpose Backpack with 15.6"" Laptop Compartment, Water Resistant, Unisex Design, Stylish & Durable, 1 Year Warranty",₹599,4.1,"3,513"
https://www.amazon.in//GoTrippin-Camping-Outdoors-Polyester-Adjustable/dp/B088LHS5LP/ref=sr_1_160,"GoTrippin Waist Bags for Men Women- Premium Stitching, Branded Zippers, Waterproof pocket, RFID safe- Large Fanny pack for Hiking Travel Camping Running Sports Outdoors, Money Belt with Adjustable Strap (Polyester,Black)",₹999,4.5,"2,152"
https://www.amazon.in//DailyObjects-Lush-Midnight-Trapeze-Crossbody/dp/B082HZVTRG/ref=sr_1_161,DailyObjects Trapeze Sling Crossbody Bag for Girls and Women | Made with Durable Vegan Leather Material | Carefully Handcrafted | Zip Closure | Adjustable and Detachable Straps | Multicolor,₹999,4.0,"1,252"
https://www.amazon.in//Fast-Travel-partition-Collage-Backpack/dp/B09XLKF4W4/ref=sr_1_162,Fast Travel School Bag Class 5-7 Large 3 partition 35 L Laptop Collage Office Travel Backpack Unisex (Red White),₹549,4.1,"1,110"
https://www.amazon.in//Aristocrat-Unisex-Oxford-Fabric-28-82L/dp/B09ZV86P4S/ref=sr_1_163,Aristocrat Unisex Black Oxford Fabric 28.82L Laptop Bags,₹754,3.5,62
https://www.amazon.in//Genie-compartments-Resistant-Lightweight-Travelling/dp/B0C85YB2S3/ref=sr_1_164,"Genie Royale Laptop Backpack for Women, 3 compartments, Water Resistant and Lightweight Bags for Office and Travelling Purpose. 36 litres. (19 inch) Black colour",₹899,N/A,N/A
https://www.amazon.in//sspa/click,"SPENZ BAGS Travel Laptop Backpack for Women & Men|Carry On Bag, College & School Students Bookbag With Raincover",₹999,4.2,120
https://www.amazon.in//sspa/click,THE CLOWNFISH Vegan Leather Mature Unisex Laptop Backpack,"₹1,299",4.1,734
N/A,N/A,N/A,N/A,N/A
https://www.amazon.in//sspa/click,F Gear Marcus Doby 33 Ltrs Black Laptop Backpack (3199),"₹1,279",3.4,22
https://www.amazon.in//sspa/click,F Gear Cloud Black 23 Ltrs Laptop Backpack (3927),"₹1,699",1.0,1
https://www.amazon.in//Fast-Travel-partition-Collage-Backpack/dp/B09XLKF4W4/ref=sr_1_163,Fast Travel School Bag Class 5-7 Large 3 partition 35 L Laptop Collage Office Travel Backpack Unisex (Red White),₹549,4.1,"1,110"
https://www.amazon.in//Aristocrat-Unisex-Oxford-Fabric-28-82L/dp/B09ZV86P4S/ref=sr_1_164,Aristocrat Unisex Black Oxford Fabric 28.82L Laptop Bags,₹754,3.5,62
https://www.amazon.in//Genie-compartments-Resistant-Lightweight-Travelling/dp/B0C85YB2S3/ref=sr_1_165,"Genie Royale Laptop Backpack for Women, 3 compartments, Water Resistant and Lightweight Bags for Office and Travelling Purpose. 36 litres. (19 inch) Black colour",₹899,N/A,N/A
https://www.amazon.in//F-Gear-Miles-Guc-Black-Waist-Bag/dp/B08NYGBDB8/ref=sr_1_166,F Gear Miles Guc Black Sports Waist Bag (3681),₹449,4.4,430
https://www.amazon.in//ADISA-SL5038-women-girls-sling/dp/B08Q4FHQLN/ref=sr_1_167,ADISA SL5038 women girls sling bag,₹564,4.1,"1,192"
https://www.amazon.in//TRUE-HUMAN-Anti-Theft-backpack-combination/dp/B09VCHV6T5/ref=sr_1_168,"TRUE HUMAN® Emperor Anti-Theft backpack with combination lock Laptop bag,office bag for Men and Women | College Bags for Girls & Boys (Zyden)",₹675,3.7,"1,172"
https://www.amazon.in//Wesley-DareDevil-Resistant-Backpack-LaptopBackpack/dp/B0CB8932FN/ref=sr_1_169,Wesley DareDevil 35 L Water Resistant College Backpack/Travel Bagpack/School Bag/Office Bag/Business Backpack/LaptopBackpack/Daypack for Men and Women,₹499,N/A,N/A
https://www.amazon.in//Lunars-Heritage-Casual-Bagpack-College/dp/B08CBJDBH4/ref=sr_1_170,Lunar's Heritage 37L Casual Water Resistant 3 Compartment Travel Bagpack/College Backpack/School Bag (Black),₹799,4.0,877
https://www.amazon.in//sspa/click,F Gear Burner Art Lthr Black 22 Ltrs Laptop Backpack (3344),₹978,4.3,488
https://www.amazon.in//sspa/click,ABLE Rider Laptop Backpack 40 litres - School/College/Casual Backpack with Headphone hole.,₹751,3.9,4
https://www.amazon.in//uppercase-Professional-Backpack-resistant-sustainable/dp/B0BWNBQXDZ/ref=sr_1_173,"uppercase Apex Professional Laptop Backpack (15.6 Inch) 3x more water resistant sustainable bags with rain proof zippers for Men, Women, Boys and Girls, 750 Days warranty","₹1,800",4.3,66
https://www.amazon.in//Half-Moon-Waterproof-Laptop-Backpack/dp/B09QM9N1B3/ref=sr_1_174,Half Moon 30L Waterproof 15.6 inch Laptop Office School College Bag Backpack for Men Women Boys & Girls,₹589,3.7,376
https://www.amazon.in//Nivia-5183NB-Gym-Navy-Blue/dp/B07NJGW3WX/ref=sr_1_175,NIVIA Beast Gym Bag-4 Polyester/Unisex Gym Bags/Shoulder Bag for Men & Women with Separate Shoes Compartment/Carry Gym Accessories/Fitness Bag/Sports & Travel Bag/Sports Kit (Navy Blue),₹523,3.9,110
https://www.amazon.in//Half-Moon-Laptop-Backpack-Polyester/dp/B09CMS3K2S/ref=sr_1_176,Half Moon 30L Water Resistant 15.6 inch Laptop Bag/Backpack for Men | School Bag for Boys Girls | Office Bag pack for Men/Office Back Packed for Women with Padded Laptop Compartment,₹599,3.6,75
https://www.amazon.in//high-power-Lightweight-Backpacks-Stylish/dp/B0BKL76TV3/ref=sr_1_177,high power Lightweight school bags Backpacks for Boys Girls Stylish men and women Casual Travel Laptop Bag College office (Black) 30 LTR,₹625,5.0,1
https://www.amazon.in//American-Tourister-FJ9-01-002/dp/B07N19CXKM/ref=sr_1_178,American Tourister Ohio Polyester 65 Cms Wheel Travel Duffle Bag (Blue),"₹1,999",4.2,"1,269"
https://www.amazon.in//Nivia-5227-Junior-Others-Orange/dp/B08D7QKCX5/ref=sr_1_179,Nivia Pulse Junior Bag (Orange),₹294,3.7,223
https://www.amazon.in//Half-Moon-Waterproof-Backpack-Students/dp/B0BR149RMT/ref=sr_1_180,Half Moon 35 L Casual Waterproof Laptop Bag/Backpack for Men Women Boys Girls/Office School College Teens & Students with Rain Cover (18 Inch) (Sky Blue),₹699,3.6,87
https://www.amazon.in//sspa/click,HARISSONS Bags Volt 15.6 inch Office Laptop Backpacks for Men and Women 24 Ltrs with 2 Front Zippered Pockets & Spacious Large Compartments | External USB Gate for easy Charging,"₹1,504",4.1,263
https://www.amazon.in//sspa/click,"PALAY® Diaper Bag Backpack Mommy Diaper Backpack Large Capacity Diaper Bag, Nylon Lightweight Diaper Bag Maternity Backpack Diaper Bag Back for Travel","₹1,799",N/A,N/A
N/A,N/A,N/A,N/A,N/A
https://www.amazon.in//sspa/click,F Gear Tandrum V2 28 Ltrs Olive Green Laptop Backpack (3189),₹847,4.3,30
https://www.amazon.in//sspa/click,"uppercase Apex Professional Laptop Backpack (15.6 Inch) 3x more water resistant sustainable bags with rain proof zippers for Men, Women, Boys and Girls, 750 Days warranty","₹1,800",4.3,66
https://www.amazon.in//Attractive-lasting-Drawstring-Polyester-Backpack/dp/B0B4G9XT67/ref=sr_1_179,18 L Attractive long lasting Printed Drawstring Polyester Multi Utility Bag for Sports/Gym/College/Yoga/Casual Backpack – Light Weight (Washable/Durability),₹199,4.0,11
https://www.amazon.in//F-Gear-Miles-Guc-Black-Waist-Bag/dp/B08NYGBDB8/ref=sr_1_180,F Gear Miles Guc Black Sports Waist Bag (3681),₹449,4.4,430
https://www.amazon.in//Meek-Executive-Essential-17-5Inch-Lightweight/dp/B0C7WKWTZJ/ref=sr_1_181,"Meek HP Executive Essential Laptop Bag, 17.5Inch Padded Backpack Lightweight Bag - Grey Black",₹999.99,3.5,3
https://www.amazon.in//TRUE-HUMAN-Anti-Theft-backpack-combination/dp/B09VCHV6T5/ref=sr_1_182,"TRUE HUMAN® Emperor Anti-Theft backpack with combination lock Laptop bag,office bag for Men and Women | College Bags for Girls & Boys (Zyden)",₹675,3.7,"1,172"
https://www.amazon.in//SATELLITE-Black-Casual-Backpack-Bagpack/dp/B083DZVFZM/ref=sr_1_183,satellite backpacks for men women backpack bags school bag boys under 35 ltr litres casual bagpack black,₹516,3.8,365
https://www.amazon.in//Safari-45L-21-OB-BLK/dp/B07BZ5VC4H/ref=sr_1_184,Safari Seek 45 Ltrs Overnighter Expandable Travel Laptop Backpack,"₹2,499",4.5,"7,243"
https://www.amazon.in//AirCase-C34-Laptop-Backpack-Women/dp/B07QL8633G/ref=sr_1_185,"AirCase Laptop Bag Backpack Case Pouch for Laptop Backpack for Men & Women,Premium Vegan Leather",₹929,4.0,"1,077"
https://www.amazon.in//Professional-Organizer-Waterproof-Compartment-Accessories/dp/B0C7VJ1LFG/ref=sr_1_186,VIULVUK Professional Large Makeup Kit Organizer for Girls | Waterproof Cosmetic Bags with Big Compartment | Wash Bag & Travel Toiletry Pouch for Women's Skincare Accessories Storage (Grey Flamingo),₹169,N/A,N/A
https://www.amazon.in//sspa/click,Dejan Stylish Backpack | Laptop Bag | School Bag | Office Bag 40L Waterproof Backpack,₹579,N/A,N/A
https://www.amazon.in//sspa/click,F Gear 22 Ltrs Burner Art Lthr Brown Laptop Backpack (3343),₹870,4.4,369
https://www.amazon.in//Lunars-Heritage-Casual-Bagpack-College/dp/B08CBJDBH4/ref=sr_1_189,Lunar's Heritage 37L Casual Water Resistant 3 Compartment Travel Bagpack/College Backpack/School Bag (Black),₹799,4.0,877
https://www.amazon.in//PUMA-Limoges-Laptop-Backpack-7548709/dp/B07D5QZ76G/ref=sr_1_190,"Puma Laptop Backpack (7548709, Limoges, 22 Ltrs)",₹999,4.3,788
https://www.amazon.in//Waterproof-Laptop-College-Backpack-Navy_Blue/dp/B0BW9BTJCZ/ref=sr_1_191,30 L Waterproof Laptop/College/School/Office Bag Backpack for Men Women Boys Girls with Rain Cover (Navy_Blue),₹486,4.6,6
https://www.amazon.in//Half-Moon-Laptop-Backpack-Polyester/dp/B09CMS3K2S/ref=sr_1_192,Half Moon 30L Water Resistant 15.6 inch Laptop Bag/Backpack for Men | School Bag for Boys Girls | Office Bag pack for Men/Office Back Packed for Women with Padded Laptop Compartment,₹599,3.6,75
https://www.amazon.in//American-Tourister-FJ9-01-002/dp/B07N19CXKM/ref=sr_1_193,American Tourister Ohio Polyester 65 Cms Wheel Travel Duffle Bag (Blue),"₹1,999",4.2,"1,269"
https://www.amazon.in//F-Gear-Circadian-Guc-Black-Casual-Backpack/dp/B084THQXCD/ref=sr_1_194,F Gear Circadian Guc Black 27 Ltrs Casual Backpack (3330),₹799,4.2,724
https://www.amazon.in//ADISA-Laptop-Backpack-Office-College/dp/B0BXQZ6Q85/ref=sr_1_195,ADISA Large Laptop Backpack Office Bag College Travel Back Pack with USB (Black),₹599,3.9,81
https://www.amazon.in//Half-Moon-Waterproof-Backpack-Students/dp/B0BR149RMT/ref=sr_1_196,Half Moon 35 L Casual Waterproof Laptop Bag/Backpack for Men Women Boys Girls/Office School College Teens & Students with Rain Cover (18 Inch) (Sky Blue),₹699,3.6,87
https://www.amazon.in//sspa/click,Monza Italy Unisex Multi-Compartment 30 liters Casual 15.6 inch Laptop Backpack Shoulder Bag with Adjustable Shoulder Strap and Side Pockets for Men & Women (Blue),₹650,3.3,3
https://www.amazon.in//sspa/click,F Gear Arigato Melange 32 Ltrs Laptop Backpack,"₹1,079",4.2,116
N/A,N/A,N/A,N/A,N/A
https://www.amazon.in//sspa/click,F Gear Marcus Doby 33 Ltrs Grey Laptop Backpack (3200),"₹1,168",3.6,29
https://www.amazon.in//sspa/click,"uppercase 26 Ltrs Ryder Professional Laptop Backpack (15.6 Inch) 3x more water resistant sustainable bags with rain proof zippers for Men, Women, Boys and Girls, 750 Days warranty","₹2,400",4.3,65
https://www.amazon.in//Multicolour-Printed-Drawstring-Polyester-Backpack/dp/B09ZL3SCTQ/ref=sr_1_195,18 L Multicolour Printed Drawstring Polyester Multi Utility Bag for Sports/Gym/Yoga/College/Casual Backpack – Light Weight/Washable,₹199,4.4,6
https://www.amazon.in//SHAMRIZ-Sling-Adjustable-handbag-bag/dp/B0BH141C7H/ref=sr_1_196,SHAMRIZ Women Sling Bag With Adjustable strap | handbag | purse |Side Sling bag | Tassel Sling Bag,₹341,3.8,"3,189"
https://www.amazon.in//DZert-Polyester-Black-White-Laptop/dp/B07H193V57/ref=sr_1_197,DZert Clasy Laptop Bag College Bag for Boys Girls 21 L Black,₹339,3.8,"2,496"
https://www.amazon.in//Half-Moon-Waterproof-Backpack-Students/dp/B0BR149RMT/ref=sr_1_198,Half Moon 35 L Casual Waterproof Laptop Bag/Backpack for Men Women Boys Girls/Office School College Teens & Students with Rain Cover (18 Inch) (Sky Blue),₹699,3.6,87
https://www.amazon.in//Tabelito-NEXA-Backpack-Business-Compartment/dp/B0C2D4T9R5/ref=sr_1_199,"Tabelito® NEXA 3O L Water Resistant Laptop/College/Office/School/Travel/Business Bag, Unisex Backpack for Men Women Fits Up to 15.6 Inch Laptop Notebook. (GREY)",₹399,4.3,76
https://www.amazon.in//Aristocrat-Zeal-Unisex-Grey-Laptop/dp/B0B5YHC1W5/ref=sr_1_200,Aristrocrat Unisex Laptop Bag Grey One Size,₹799,4.3,29
https://www.amazon.in//Gear-Superior-Casual-Backpack-BKPSPRIOR0001/dp/B08GY2ZN96/ref=sr_1_201,Gear Superior 16LWater Resistant School Bag//Backpack/College Bag for Men/Women - Black,₹351,3.9,308
https://www.amazon.in//Lavie-Womens-Ushawu-Satchel-Handbag/dp/B0B3J9J9CK/ref=sr_1_202,Lavie Women's Ushawu Satchel Bag | Ladies Purse Handbag,"₹1,249",4.1,"6,822"
https://www.amazon.in//sspa/click,F Gear Danube Melange Dk Grey 18 Ltrs Laptop Backpack (3818),"₹1,070",4.0,15
https://www.amazon.in//sspa/click,F Gear Luxur Olive Green 25 liter Laptop Backpack (3110),"₹1,099",4.4,"16,965"
https://www.amazon.in//ADISA-BP005-Weight-Casual-Backpack/dp/B07D8ZLTT9/ref=sr_1_205,ADISA Light Weight Laptop Backpack 32 Ltrs,₹499,4.0,"6,017"
https://www.amazon.in//Cosmus-Casual-Backpack-Charger-College/dp/B08D7D21FV/ref=sr_1_206,Cosmus Vogue Casual Laptop Backpack with USB Charger Port 44cm 26 Litre Grey College Bag,"₹1,409",4.2,"1,413"
https://www.amazon.in//Wildcraft-Polyester-Black-Laptop-8903338054290/dp/B012D4QKHW/ref=sr_1_207,Wildcraft 44 cms Polyester Black Laptop Bag (8903338054290),"₹1,448",4.3,672
https://www.amazon.in//LuvLap-Travel-Multifunctional-Waterproof-Bag-Backpack/dp/B07W6Z8XKB/ref=sr_1_208,LuvLap Lily Travel Multifunctional Waterproof Diaper Bag-Backpack Cum Tote Bag (Black),"₹1,149",4.4,940
https://www.amazon.in//Storage-Disposable-Freezer-Feeding-Transparent/dp/B099ZZ57FT/ref=sr_1_209,"Luv Lap LuvLap Baby Breast Milk Storage Bags (Pack of 25), BPA Free Disposable Milk Freezer Bags for Breast Feeding, Transparent",₹349,4.4,710
https://www.amazon.in//GEAR-Black-Toiletry-Bag-ACCTLTPCH0112/dp/B019HA8JJW/ref=sr_1_210,Gear Solid 22 Cms Cosmetic Pouch (Black),₹439,4.5,"4,257"
https://www.amazon.in//Tabelito-NEO-Backpack-Business-Compartment/dp/B0C2D2Q52R/ref=sr_1_211,"Tabelito® NEO 3O L Water Resistant Laptop/College/Office/School/Travel/Business Bag, Unisex Backpack for Men Women Fits Up to 15.6 Inch Laptop Notebook.",₹399,3.9,104
https://www.amazon.in//Gear-Executive-Anti-Theft-Backpack-BKPPKREXE0101/dp/B097KCMQKG/ref=sr_1_212,Gear Parker 23L Water Resistant Anti Theft Laptop Bag/Backpack for Men/Women - Black,₹644,4.3,424
https://www.amazon.in//sspa/click,"EUME Shield 21 Liters Anti-Theft 180-degree Opening Compartment for Laptop Backpacks Polyester Fabric College Office, and Mini Travel Bags Fits Up to 15.6-inch Laptop","₹1,999",4.1,130
https://www.amazon.in//sspa/click,"AshcrafZee Ladies Fashion Travel Canvas Bag Large Capacity Nylon Student School Bag Laptop Bag, Girls Printing School Backpack",₹499,N/A,N/A
N/A,N/A,N/A,N/A,N/A
https://www.amazon.in//sspa/click,"STRABO Cooper for Boys Girls Stylish Men and Women Casual 15"" inch 25L CANVAS Laptop BACKPACK | Office, College, Travel Bag",₹699,4.4,50
https://www.amazon.in//sspa/click,STRABO Stark Lightweight Laptop Bags Backpacks for Boys Girls Stylish Men and Women Casual 15.6 inch 32 L Travel Laptop Bag College Office School,"₹1,379",4.3,36
https://www.amazon.in//F-Gear-Burner-Art-Lthr-Laptop-Backpack/dp/B085QWJVCZ/ref=sr_1_211,F Gear 22 Ltrs Burner Art Lthr Brown Laptop Backpack (3343),₹870,4.4,369
https://www.amazon.in//Gear-Training-Travel-Duffel-DUFCRSTNG4314/dp/B098FG3GVX/ref=sr_1_212,Gear Polyester 23 Cms Travel Bag(DUFCRSTNG4314_Khaki),₹489,4.1,531
https://www.amazon.in//Gear-Executive-Anti-Theft-Backpack-BKPPKREXE0101/dp/B097KCMQKG/ref=sr_1_213,Gear Parker 23L Water Resistant Anti Theft Laptop Bag/Backpack for Men/Women - Black,₹644,4.3,424
https://www.amazon.in//Number-Backpack-Compartment-Charging-Organizer/dp/B09VTC876Z/ref=sr_1_214,"FUR JADEN Anti Theft Number Lock Backpack Bag with 15.6 Inch Laptop Compartment, USB Charging Port & Organizer Pocket for Men Women Boys Girls",₹670,4.0,"4,920"
https://www.amazon.in//TUFFGEAR-Workout-Litre-Duffle-Yellow/dp/B08R7HYFM1/ref=sr_1_215,TUFFGEAR Polyester Gym Bag Workout 23 Litre Gym Duffle Bag Yellow,₹563,4.1,999
https://www.amazon.in//Half-Moon-Resistant-Laptop-Backpack/dp/B09842K4RQ/ref=sr_1_216,"Half Moon 35L Water Resistant 15.6 inch Laptop Bag for Men/Backpack for Men, Black | Office Bag for Men/Office Bag for Women with Padded Laptop Compartment | Rain Cover & Reflective Strips",₹699,3.9,337
https://www.amazon.in//Lenovo-Laptop-Everyday-Backpack-Black/dp/B07GM5NR14/ref=sr_1_217,Lenovo Everyday Laptop Backpack B515 15.6-inch Water Repellent Black,"₹1,499",4.1,"3,709"
https://www.amazon.in//Skybags-Unisex-Grey-Jacqard-Laptop/dp/B09ZV9SLBJ/ref=sr_1_218,Skybags Unisex Grey Jacqard 34L Laptop Bags,"₹1,288",4.0,63
https://www.amazon.in//sspa/click,F Gear Luxur V2 Brown 27 Ltrs Laptop Backpack (3701),"₹1,299",4.4,48
https://www.amazon.in//sspa/click,TriPole Tusker Roller Top Laptop Backpack,"₹1,299",N/A,N/A
https://www.amazon.in//DIVULGE-Drawstring-Bag-Sports-Utility/dp/B07PXTDBH4/ref=sr_1_221,"DIVULGE Multi Utility Drawstring Bag (Black , 16 L)",₹155,4.0,"1,141"
https://www.amazon.in//Gear-DOUBLE-Resistant-Backpack-Navy-Tan/dp/B0BTJ2T26W/ref=sr_1_222,Gear DOUBLE DECKER 31L Water Resistant Laptop Bag/Backpack/Office Bag for Men/Women (Navy-Tan),"₹1,295",3.5,17
https://www.amazon.in//Martucci-Backpack-College-Reflective-Airport/dp/B0B7DVC3TL/ref=sr_1_223,Martucci Large 35 L Backpack Spacy Unisex/College/School/Travel Backpack with Rain Cover and Reflective Strip,₹758,4.0,"1,219"
https://www.amazon.in//Gear-Bounce-Backpack-Grey-Orange-BKPBOUNCE0604/dp/B097KCLF5F/ref=sr_1_224,Gear Bounce 27 Ltrs Water Resistant School Bag/Backpack/College Bag for Men/Women-Grey Orange,₹614,3.6,470
https://www.amazon.in//Polyester-Gym-Bag-Shoulder-Compartment/dp/B0BXB21C4T/ref=sr_1_225,Risen style Polyester Duffle/Gym Bag/Shoulder Bag for Men & Women with Separate Shoes Compartment,₹349,N/A,N/A
https://www.amazon.in//F-Gear-Tycoon-Laptop-Backpack/dp/B071XJ6XV5/ref=sr_1_226,F Gear Tycoon 27 Liters Laptop Backpack Sch Bag(Black),"₹1,149",4.4,251
https://www.amazon.in//F-Gear-Blow-Laptop-Backpack-Red/dp/B0749MPCFT/ref=sr_1_227,"F Gear Blow Laptop Backpack With Rain Cover 32 Liters (Red,Grey) Sch Bag","₹1,099",4.3,289
https://www.amazon.in//SKYBAGS-Unisex-Luggage-Duffel-Bag-DFHUS55ONG/dp/B07F342RQD/ref=sr_1_228,"Skybags Unisex Polyester Solid Pattern Hustle Df 55 (Orange, Small)","₹1,585",4.3,314
https://www.amazon.in//sspa/click,Elegant 16 inch 28 L Casual Waterproof Laptop Backpack/Office Bag/School Bag/College Bag/Business Bag/Unisex Travel Backpack,₹899,5.0,5
https://www.amazon.in//sspa/click,F Gear Arigato Melange 32 Ltrs Laptop Backpack,"₹1,269",4.2,116
N/A,N/A,N/A,N/A,N/A
https://www.amazon.in//sspa/click,"uppercase Laptop Backpack 1600EBP Compact 3x more water repellent sustainable bags with rain proof zippers for Men, Women, Boys and Girls, 750 Days warranty",₹950,4.1,216
https://www.amazon.in//sspa/click,TriPole Tusker Roller Top Laptop Backpack,"₹1,299",N/A,N/A
https://www.amazon.in//Lenovo-Laptop-Everyday-Backpack-Black/dp/B07GM5NR14/ref=sr_1_227,Lenovo Everyday Laptop Backpack B515 15.6-inch Water Repellent Black,"₹1,499",4.1,"3,709"
https://www.amazon.in//DIVULGE-Drawstring-Bag-Sports-Utility/dp/B07PXTDBH4/ref=sr_1_228,"DIVULGE Multi Utility Drawstring Bag (Black , 16 L)",₹155,4.0,"1,141"
https://www.amazon.in//DZert-Kids-Grey-School-Years/dp/B07QD1M3R9/ref=sr_1_229,DZert Kids School Bag Soft Plush Backpacks Cartoon Boys Girls Baby (2-5 Years),₹225,3.7,"3,163"
https://www.amazon.in//Gear-Bounce-Backpack-Grey-Orange-BKPBOUNCE0604/dp/B097KCLF5F/ref=sr_1_230,Gear Bounce 27 Ltrs Water Resistant School Bag/Backpack/College Bag for Men/Women-Grey Orange,₹614,3.6,470
https://www.amazon.in//Lenovo-Carrying-15-6-Inch-Toploader-GX40Q17230/dp/B075Y8294N/ref=sr_1_231,Lenovo 15.6-inch Casual Laptop Briefcase T210,₹979,4.3,"4,334"
https://www.amazon.in//SKYBAGS-Unisex-Luggage-Duffel-Bag-DFHUS55ONG/dp/B07F342RQD/ref=sr_1_232,"Skybags Unisex Polyester Solid Pattern Hustle Df 55 (Orange, Small)","₹1,585",4.3,314
https://www.amazon.in//Gear-Workspace-Briefcase-Black-Red-BKPWRPHYD0101/dp/B097KGL2M5/ref=sr_1_233,Gear Workspace 18L Water Resistant Laptop Bag/Backpack/Office Bag for Men/Women-Black,₹907,4.2,336
https://www.amazon.in//Storite-Army-Print-Sling-GreenGrey/dp/B09KNMWWPH/ref=sr_1_234,"Storite Small Size Army Print Padded Nylon Cross Body Sling bag Office Travel One Side Bag for Men Women (25x19x7cm, GreenGrey)",₹395,4.1,480
https://www.amazon.in//sspa/click,F Gear Luxur Brown 25 liter Laptop Backpack (2404),"₹1,162",4.4,"16,965"
https://www.amazon.in//sspa/click,"SNOWIE SOFT® Women's laptop backpack, fashionable quilted computer backpack with USB port, suitable for work school, waterproof backpack, nurse teacher backpack","₹1,799",N/A,N/A
https://www.amazon.in//Bennett-15-6-inch-College-Repellent-Backpack/dp/B09WZHX3B1/ref=sr_1_237,"Bennett Casual Laptop Bag school bags for boys girls 15.6-inch, 25 LTR Office & College bags for mens Water Repellent Backpack for Men & Women (Black)",₹512,3.9,326
https://www.amazon.in//Police-Polyester-Laptop-Spec-Backpack/dp/B07ZB8NWTZ/ref=sr_1_238,POLICE Polyester 35 Ltr Laptop Big Low Spec Laptop Backpack - Black/Navy,"₹1,569",3.3,213
https://www.amazon.in//HAMMONDS-FLYCATCHER-Genuine-Shoulder-Messenger/dp/B07P2TQH78/ref=sr_1_239,"HAMMONDS FLYCATCHER Genuine Leather Laptop Bag for Men - Office Bag, Brown Color - Fits Up to 14/15.6/16 Inch Laptop/MacBook - Laptop Messenger Bags/Leather Bag for Men with Adjustable Shoulder Strap","₹2,623",4.3,"4,906"
https://www.amazon.in//Yours-Choice-Briefcase-Messenger-Detachable/dp/B0B6PF1L69/ref=sr_1_240,Dell Laptop bag,"₹2,499",4.2,182
https://www.amazon.in//Luzian-Leather-Backpack-college-Laptops/dp/B09QYTTLYD/ref=sr_1_241,Luzian Volt Faux Leather Laptop Backpack Travel Backpack college Backpack for Men and Women for 14 Laptops,₹550,3.7,117
https://www.amazon.in//Tabelito-NEXA-Backpack-Business-Compartment/dp/B0C2D4KWQ6/ref=sr_1_242,"Tabelito® NEXA 3O L Water Resistant Laptop/College/Office/School/Travel/Business Bag, Unisex Backpack for Men Women Fits Up to 15.6 Inch Laptop Notebook. (GREY)",₹399,4.3,76
https://www.amazon.in//Cosmus-Casual-Backpack-Charger-College/dp/B09HX54TGF/ref=sr_1_243,COSMUS Vogue Casual Laptop Backpack with USB Charger Port 46cm 26 Litre Maroon College Bag,"₹1,409",4.2,"1,413"
https://www.amazon.in//Murano-Casual-daybackpack-Office-College/dp/B0BX9FLPNX/ref=sr_1_244,Murano Louis 10ltr Casual daybackpack/Office & Travel Bag/School Bag/College Bag/Men/Women/Girl/Boy (Orange),₹169,3.2,38
https://www.amazon.in//sspa/click,"Artistix Alpine Business Class Series | Anti Theft Laptop Backpack (32 Litre, 15.6 inch) (Black)","₹1,783",4.4,"1,161"
https://www.amazon.in//sspa/click,ABLE Rafter Laptop Backpack 40 litres - School/College/Casual Backpack.,₹710,N/A,N/A
N/A,N/A,N/A,N/A,N/A
https://www.amazon.in//sspa/click,BACDA Backpack Laptop Bags 21L High Capacity Durable Handcrafted Ergo Padded Shoulder Straps Lightweight 3 Compartments for Office School Travel Business Bag Men Women Boys Girls Fits Casual,₹799,3.0,2
https://www.amazon.in//sspa/click,"uppercase Medium 21L Quilted Laptop Backpack 2500EBP2 3x more water repellent sustainable bags with rain proof zippers for Men, Women, Boys and Girls, 750 Days warranty","₹1,400",4.6,17
https://www.amazon.in//Cosmus-Casual-Backpack-Charger-College/dp/B09HX54TGF/ref=sr_1_243,COSMUS Vogue Casual Laptop Backpack with USB Charger Port 46cm 26 Litre Maroon College Bag,"₹1,409",4.2,"1,413"
https://www.amazon.in//Chic-Buddy-Waterproof-Swimsuits-Toiletries/dp/B0B25B5PB6/ref=sr_1_244,"Chic Buddy Waterproof Wet Bag, Washable, Reusable for Travel, Beach, Pool, Stroller, Diapers, Dirty Gym Clothes, Wet Swimsuits, Toiletries",₹299,4.4,380
https://www.amazon.in//SKYBAGS-Unisex-Luggage-Duffel-Bag-DFHUS55ONG/dp/B07F342RQD/ref=sr_1_245,"Skybags Unisex Polyester Solid Pattern Hustle Df 55 (Orange, Small)","₹1,585",4.3,314
https://www.amazon.in//American-Tourister-LAPTOP-BACKPACK-POLYESTER/dp/B0BLCXMTZ7/ref=sr_1_246,American Tourister SPIN LAPTOP BACKPACK 28L POLYESTER BLACK,₹899,3.4,29
https://www.amazon.in//Lunars-Travel-Laptop-Bag-compartments/dp/B08NHL52MK/ref=sr_1_247,"Lunar's Unisex 50L Water Resistant Office/Travel/Business Laptop Backpack, Bag for up to 17.3 inch Laptop/MacBook with rain Cover and 2 Large compartments","₹1,199",4.0,"2,652"
https://www.amazon.in//Polestar-Liters-Polyester-Casual-Backpack/dp/B09243WY6M/ref=sr_1_248,"POLESTAR Enzo 15.6 inch 35 LTR Casual Laptop Backpack/Office Bag/School Bag/College Bag/Business Bag/Unisex Backpack, Water Resistant and Light Weight, 1 year Warranty",₹619,4.1,"3,894"
https://www.amazon.in//Yours-Choice-Briefcase-Messenger-Detachable/dp/B0B6PF1L69/ref=sr_1_249,Dell Laptop bag,"₹2,499",4.2,182
https://www.amazon.in//Skybags-Unisex-Adjustable-Polyester-Backpack/dp/B0BJ763F7Y/ref=sr_1_250,Skybags Kick Unisex Adjustable Strap Polyester Laptop Backpack,"₹1,576",4.0,53
https://www.amazon.in//sspa/click,"CarryPro MOJO 20 Ltrs, Everyday Backpack (Fits Laptop Up to 15.6 inch), Roll-Top, Water Resistant Fabric, Ultra Lightweight Backpack for Women and Men,365 Days Warranty, Made In India","₹2,399",3.8,30
https://www.amazon.in//sspa/click,F Gear Tycoon 27 Liters Laptop Backpack Sch Bag(Brown),"₹1,349",4.3,149
https://www.amazon.in//Asus-BP1504-15-6-inch-Laptop-Backpack/dp/B0895ZZHKK/ref=sr_1_253,Asus BP1504 39.62 cm (15.6-inch) Laptop Backpack (Dark Grey),₹819,4.2,"1,694"
https://www.amazon.in//COSMUS-Polyester-Navy-Laptop-Backpack/dp/B01FVQLLU0/ref=sr_1_254,COSMUS Darwin Navy Blue Laptop Backpack for (15.6 inch),"₹1,333",4.3,"10,028"
https://www.amazon.in//Vivinkaa-Womens-Sling-Bag-Blue/dp/B077WSKG53/ref=sr_1_255,"Vivinkaa Sling Bag for Women, Bags for Women, Sling Bag, Purse for Women, Sling Bag for Women Stylish, Sling Bag for Girls, Women Sling Bag, Bag for Girls - Indigo",₹549,3.8,"1,964"
https://www.amazon.in//Murano-Casual-daybackpack-Office-College/dp/B0BX9FLPNX/ref=sr_1_256,Murano Louis 10ltr Casual daybackpack/Office & Travel Bag/School Bag/College Bag/Men/Women/Girl/Boy (Orange),₹169,3.2,38
https://www.amazon.in//NOVICZ-HK001-TRAWOC-SKYBLUE-Blue-Rucksack/dp/B079N6KHPJ/ref=sr_1_257,"TRAWOC 60 Ltr Trekking Rucksack Travel Bag Hiking Backback, 1 Year Warranty, HK001","₹1,626",4.4,"3,899"
https://www.amazon.in//uppercase-Backpack-2300EBP1-repellent-sustainable/dp/B0B69M182Q/ref=sr_1_258,"uppercase Medium 17 Ltrs Vegan Leather (upto 14 inch) Laptop Backpack 2300EBP1 3x more water resistant sustainable bags with rain proof zippers for Men, Women, Boys and Girls, 750 Days warranty","₹1,600",4.1,505
https://www.amazon.in//Bennett-15-6-inch-College-Repellent-Backpack/dp/B09WZKHSDR/ref=sr_1_259,"Bennett Casual Laptop Bag School Bags for Boys Girls 15.6-inch, 25 LTR Office & College bags for Mens Water Repellent Backpack for Men & Women (GREY)",₹512,3.9,170
https://www.amazon.in//Gear-ltr-Black-Orange-DUFPRO2000106/dp/B00Z93WSVW/ref=sr_1_260,Gear polyester 44 cms Duffle Bag(DUFPRO2000106_Black),₹431,4.3,836
https://www.amazon.in//sspa/click,Lappee Trendy Casual Backpacks for School College Office Travel with Rain Cover | 15.6 inch Office Laptop Bags for Men Women | Sylish Heavy Duty School Bag for Boys Girls (Printed - Navy Blue),₹899,5.0,5
https://www.amazon.in//sspa/click,TRYBAGS Nord Large Size 32 Ltrs Casual Laptop Unisex Backpack,₹999,N/A,N/A
N/A,N/A,N/A,N/A,N/A
https://www.amazon.in//sspa/click,"uppercase Sigma Professional Laptop Backpack (15.6 Inch) 3x more water resistant sustainable bags with rain proof zippers for Men, Women, Boys and Girls, 750 Days warranty","₹2,100",4.7,23
https://www.amazon.in//sspa/click,BACDA Backpack Laptop Bags 21L High Capacity Durable Handcrafted Ergo Padded Shoulder Straps Lightweight 3 Compartments for Office School Travel Business Bag Men Women Boys Girls Fits Casual,₹799,3.0,2
https://www.amazon.in//uppercase-Backpack-1800EBP2-resistant-sustainable/dp/B0BQYJ8WP5/ref=sr_1_259,"uppercase Laptop Backpack Printed Compact 3x more water repellent sustainable bags with rain proof zippers for Men, Women, Boys & Girls, 750 Days warranty (Blue)","₹1,350",4.1,100
https://www.amazon.in//TRAVALATE-Backpack-Charging-Collage-Business/dp/B0BLK8CF12/ref=sr_1_260,"TRAVALATE Laptop Backpack with USB Charging Port for Travel, Office, Collage, Business Bag, Gift for Men and Women",₹798,3.7,55
https://www.amazon.in//Hilfiger-Laptop-Backpack-TH-FERNLAYLAP07/dp/B07P3F44K6/ref=sr_1_261,Tommy Hilfiger 27 Ltrs,"₹2,099",3.9,28
https://www.amazon.in//Fur-Jaden-Backpack-Trekking-BM38_Brown/dp/B07LBMV4NR/ref=sr_1_262,Fur Jaden Brown Leatherette Anti Theft Casual Laptop Backpack with 15.6 Inch Laptop Pocket,"₹1,769",4.2,"1,648"
https://www.amazon.in//uppercase-Backpack-2300EBP1-repellent-sustainable/dp/B0B69M182Q/ref=sr_1_263,"uppercase Medium 17 Ltrs Vegan Leather (upto 14 inch) Laptop Backpack 2300EBP1 3x more water resistant sustainable bags with rain proof zippers for Men, Women, Boys and Girls, 750 Days warranty","₹1,600",4.1,505
https://www.amazon.in//Travalate-Luggage-Organizer-Ultra-Light-Polyester/dp/B0BZDLS9VW/ref=sr_1_264,Travalate Travel Duffle Luggage Bag Organizer | Multi Pocket Ultra-Light| Polyester 45 Lt| Men and Women | 21 X 09 X 11 Inch | Grey,₹948,4.2,32
https://www.amazon.in//SBCOLLECTION-Casual-Messenger-zipper-pockets/dp/B0BXY7DPN5/ref=sr_1_265,SBCOLLECTION Premium School College Office Laptop Daily Use Backpack for All Day Traveler,₹179,3.4,11
https://www.amazon.in//Lavie-Sport-Polyester-Travel-BDFW223019M4/dp/B07VJSDYJY/ref=sr_1_266,Lavie Sport Polar X Cabin Size 63 cms Wheel Duffel Bag for Travel | Travel Bag with Trolley,"₹1,399",4.0,813
https://www.amazon.in//sspa/click,"Carbonado X24 - Motocross, Biking, Cycling, Marathon running, Travelling,Adventure Backpack with Hydration pack support - Holds laptop upto 15inch (Slate Grey)","₹4,950",4.0,1
https://www.amazon.in//sspa/click,"Carbonado X16 - Motocross, Biking, Cycling, Marathon running, Travelling,Adventure Backpack with Hydration pack support - Holds laptop upto 15inch","₹3,950",4.6,66
https://www.amazon.in//TUFFGEAR-Workout-Litre-Duffle-Yellow/dp/B08R7HYFM1/ref=sr_1_269,TUFFGEAR Polyester Gym Bag Workout 23 Litre Gym Duffle Bag Yellow,₹563,4.1,999
https://www.amazon.in//Glowic-Hopping-Shoulder-Handbags-WBAG-34/dp/B09HHNZ47K/ref=sr_1_270,"Glowic Hopping Grocery, Travel, Beach | Shoulder Handbags Women, College Bags for Girls Stylish Trendy(WBAG-34) (Multi Colour)",₹459,3.7,432
https://www.amazon.in//Gear-Polyester-Laptop-Backpack-LBPECONO10412/dp/B012NW0J30/ref=sr_1_271,Gear ECO1 24L Water Resistant Laptop Bag/Backpack/Office Bag for Men/Women- Grey-Black-Yellow,₹845,4.2,"1,464"
https://www.amazon.in//Adjustable-Compartment-Lightweight-Water-Resistant-Travel-Friendly/dp/B0C3RDFPVN/ref=sr_1_272,"Amazon Basics Laptop Messenger Bag with Adjustable Shoulder Strap, Padded Compartment & Storage Pockets, Lightweight, Water-Resistant, Travel-Friendly, Fits Up To 15.6"" Laptops (Unisex, Black & Grey)",₹799,4.7,985
https://www.amazon.in//MOKOBARA-Work-Backpack-Resistant-Reflection/dp/B0C9J8JJ6C/ref=sr_1_273,"MOKOBARA The Work Backpack - II Black Nylon Water Resistant (16"") Laptop | Work | Travel Bag for Men and Women","₹8,999",4.0,1
https://www.amazon.in//Gear-ltr-Black-Orange-DUFPRO2000106/dp/B00Z93WSVW/ref=sr_1_274,Gear polyester 44 cms Duffle Bag(DUFPRO2000106_Black),₹431,4.3,836
https://www.amazon.in//FUR-JADEN-Backpack-Accessories-Organiser/dp/B0BSHBC51P/ref=sr_1_275,"FUR JADEN 15.6 Inch Smart Laptop Backpack Bag With USB Charging Port, Anti Theft Pocket and Accessories Organiser for Men Women Boys Girls","₹1,329",4.1,562
https://www.amazon.in//Flamingo-Cosmetic-Sichumaria-Water-Resistant-Organizer/dp/B0B1HNQHXD/ref=sr_1_276,Sichumaria Flamingo Cosmetic Bag Portable Travel Makeup Bag for Women Large Travel Water-Resistant Zipper Makeup Organizer for Girls Make Up Bag Brush Bags (Pink),₹238,3.9,72
https://www.amazon.in//sspa/click,Lappee Trendy Casual Backpacks for School College Office Travel with Rain Cover | 15.6 inch Office Laptop Bags for Men Women | Sylish Heavy Duty School Bag for Boys Girls (Afro - Blue),₹899,5.0,5
https://www.amazon.in//sspa/click,"EUME Shield 21 Liters Anti-Theft 180-degree Opening Compartment for Laptop Backpacks Polyester Fabric College Office, and Mini Travel Bags Fits Up to 15.6-inch Laptop","₹1,999",4.1,130
N/A,N/A,N/A,N/A,N/A
https://www.amazon.in//sspa/click,"SPIRITCHEMTECH 100% Waterproof 40L TO 60L Rain Cover for Backpack Bags Rubberized material, Rainproof Dustproof Protector Specially for Trekking Rain-Guard & Dust Cover Laptops with Pouch (PACK OF 1)",₹199,5.0,8
https://www.amazon.in//sspa/click,"EUME Move 40 Liters Massager Rucksacks and Hiking, Trekking Backpacks with Detachable Rain Cover, Laptop bag, Cloths, Toiletry pouch and Shoe Compartment - Black","₹7,999",3.5,10
https://www.amazon.in//AirCase-C25-Messenger-Shoulder-Compartments/dp/B07X6DV3VM/ref=sr_1_275,"AirCase Office Messenger Sling Bag fits upto 15.6"" Laptop/Macbook, Detachable Shoulder Strap, Waterproof, Shockproof, Carry Handle with Spacious Pockets, For Men & Women, Blue- with Warranty",₹949,3.9,"1,336"
https://www.amazon.in//Gizga-Essentials-Organizer-Multi-Utility-Cosmetics/dp/B09WVRKYCJ/ref=sr_1_276,"Gizga Essentials Travel Toiletry Kit Bag for Men & Women, Travel Organizer Case with Handle & Hook, Premium Zipper, Multiple Pockets, Multi-Utility Pouch for Shaving Makeup Cosmetics, Light Grey",₹349,4.2,161
https://www.amazon.in//URBAN-CARRIER-Polyester-Resistant-Backpack/dp/B091ZG2NCX/ref=sr_1_277,URBAN CARRIER 30 Liters Polyester Water Resistant Heavy Duty | Backpack | College Bag | Laptop Bag for Men & Women (Sky Blue Grey),₹431,3.6,62
https://www.amazon.in//Mokobara-Backpack-Leather-Resistant-Laptop/dp/B0B7X8BYQJ/ref=sr_1_278,"MOKOBARA The Work Backpack 15.6"" Inch Laptop | Travel Backpack For Men And Women","₹7,499",4.6,83
https://www.amazon.in//Kuber-Industries-Carrying-Multi-Purpose-CTKTC034727/dp/B083J6HVMB/ref=sr_1_279,Kuber Industries Faux Leather 20 Cms Duffle Bag(CTKTC34727_Grey),₹309,3.8,209
https://www.amazon.in//ASIAN-Sling-Bag-women-Handmade/dp/B09SXRZ7FW/ref=sr_1_280,ASIAN Sling Bag for Women - Handmade Bags for Females - Jute and Indian Fabric Slings - Side Bags for Mobile Phones and Wallets (Black),₹224,3.5,103
https://www.amazon.in//ZOUK-Womens-Office-Bag-Multicolour/dp/B09DF2NPCS/ref=sr_1_281,ZOUK Mughal Art Printed Handmade Vegan Leather Women's Office Bag for 15.6 inch Laptop with Double Handles,"₹1,689",4.2,105
https://www.amazon.in//ZAINTO-Textured-Leatherette-Stylish-Travelling/dp/B09CTY23YG/ref=sr_1_282,ZAINTO Unisex Textured Leatherette Stylish 35 Liter Cabin Bags for Travelling in Flight 7kg Latest Travel Textured Leather Duffle Bags for Men and Women (Brown),₹799,4.2,858
https://www.amazon.in//sspa/click,STRABO Moto Laptop Bag School & College Backpacks- 25L Water Resistant,"₹1,149",5.0,1
https://www.amazon.in//sspa/click,"Safari Crew Overnighter Backpack, 40 Ltr Water Resistant Travel Laptop Bag, Black Polyester Backpack for Men and Women, Spacious Shoulder Bag for Travelling and Camping","₹1,799",4.3,225
https://www.amazon.in//Amazon-Basics-Laptop-Backpack-Repellent/dp/B09W43XLBY/ref=sr_1_285,"AmazonBasics Water Repellent and Wear Resistant Laptop Backpack - 24L, Blue",₹709,4.2,648
https://www.amazon.in//BROGBUS-Business-Messenger-Sling-10-05inch/dp/B09QLD9GJY/ref=sr_1_286,"BROGBUS pu Leather Men Bag Casual Business Messenger Bag for Cross body Bag Male Shoulder Bags PU Leather Sling Messenger Bag (Brown, L- 10.05inch H- 11.5inch W- 3inch)",₹939,4.0,619
https://www.amazon.in//uppercase-Backpack-1800EBP2-resistant-sustainable/dp/B0BQYJ8WP5/ref=sr_1_287,"uppercase Laptop Backpack Printed Compact 3x more water repellent sustainable bags with rain proof zippers for Men, Women, Boys & Girls, 750 Days warranty (Blue)","₹1,350",4.1,100
https://www.amazon.in//Harissons-Vervo-Laptop-Backpack-Built/dp/B07M5P5LW3/ref=sr_1_288,"HARISSONS Bags Vervo 15.6-inch Laptop/Travel/Casual Backpack for Men and Women with Rain Cover (Black, 40 Ltrs) | Quick Access Zippered Pocket, Detailed Organizers & a Detachable Key Chain Holder","₹2,960",4.3,"2,000"
https://www.amazon.in//uppercase-Backpack-1800EBP1-resistant-sustainable/dp/B0B9T4YDPX/ref=sr_1_289,"uppercase Laptop Backpack Printed Compact 3x more water repellent sustainable bags with rain proof zippers for Men, Women, Boys & Girls(Pink)","₹1,200",4.3,33
https://www.amazon.in//Ultrafit-15-6-inch-Backpacks-Travelling-Backpack-Black/dp/B082Y7TZ8Z/ref=sr_1_290,"Red Lemon Titan Ultrafit Plus Bange Series 15.6-inch Laptop Bags Backpacks for Men and Women55L Outdoor and Camping 3in1 Office Bags,Travelling,Backpack","₹3,799",4.4,463
https://www.amazon.in//Wildcraft-Solid-Backpack-Grey-11911/dp/B07N1CM9QS/ref=sr_1_291,Wildcraft 35 Ltrs 18.5 cms Backpack (11911 Grey_Grey),"₹1,429",4.3,197
https://www.amazon.in//Dynotrek-Sack-pack-Waterproof-Chromebook-DT02SCB/dp/B09DBVBYN4/ref=sr_1_292,"Dynotrek 13 14 Upto 15.6"" Inch Laptop Casual Sack-pack Rucksack Travel Backpack With USB Charging Port For Men & Women Waterproof Backpack Suitable for Chromebook DT02SCB",₹799,3.8,"1,161"
https://www.amazon.in//sspa/click,Louis Craft Laptop Backpack Medium Stylish Backpack for Unisex (Black),₹799,3.2,3
https://www.amazon.in//sspa/click,URBAN WOLF 30L Casual Dual Compartment Water Resistant Laptop Backpack (Black),₹749,4.0,352
N/A,N/A,N/A,N/A,N/A
https://www.amazon.in//sspa/click,"STRABO Cooper for Boys Girls Stylish Men and Women Casual 15"" inch 25L CANVAS Laptop BACKPACK | Office, College, Travel Bag",₹699,4.4,50
https://www.amazon.in//sspa/click,STRABO Stark Lightweight Laptop Bags Backpacks for Boys Girls Stylish Men and Women Casual 15.6 inch 32 L Travel Laptop Bag College Office School,"₹1,429",4.3,36
https://www.amazon.in//DZert-Polyester-Pink-School-Backpack/dp/B077VFZHLL/ref=sr_1_291,DZert School Bag Backpack 30 Liters for Boys/Girls Polyester Lightweight Bag (Pink),₹319,3.6,"1,918"
https://www.amazon.in//AmazonBasics-Ltrs-Large-Duffel-Bag/dp/B01GGNW5AM/ref=sr_1_292,AmazonBasics Nylon 43 Cms Travel Duffle Bag (Red),"₹1,727",4.3,"6,828"
https://www.amazon.in//Wildcraft-Typo_Blk-Casual-Backpack-11619-Typo_Blk/dp/B079MBFH5V/ref=sr_1_293_mod_primary_new,Wildcraft 35 ltrs (19 Cms) Casual Backpack(11619-Typo_Blk_Black),"₹1,395",4.1,397
https://www.amazon.in//Lavie-Sport-Polyester-Travel-BDFW223019M4/dp/B07VJSDYJY/ref=sr_1_294,Lavie Sport Polar X Cabin Size 63 cms Wheel Duffel Bag for Travel | Travel Bag with Trolley,"₹1,399",4.0,813
https://www.amazon.in//Backpack-Business-Scratch-resistant-Multiple-Comfortable/dp/B0B6FNPN76/ref=sr_1_295,Arctic Hunter Backpack for Men Premium Business Backpack Office Travel Laptop Bag with 15.6 Inch Laptop Pocket Water/Scratch-resistant Multiple Pocket Comfortable and Padded Backpack for Men,"₹5,999",4.4,150
https://www.amazon.in//Lavie-Sport-Chairman-Compatible-compartments/dp/B09YCSCRBW/ref=sr_1_296,Lavie Sport Chairman Backpack with Laptop Sleeve | Premium Leatherette Business Backpack for Men & Women | Durable Office Bag for Notebook/MacBook,₹849,4.0,"1,256"
https://www.amazon.in//Dyazo-Resistant-Compatible-laptops-Notebooks/dp/B09BFV96TS/ref=sr_1_297,"Dyazo Water Resistant Laptop Sleeve with Handle Compatible for 15 Inch to 15.6"" Inches laptops & Notebooks - Grey",₹299,4.3,"4,336"
https://www.amazon.in//London-Stylish-Passport-Adjustable-246_Black/dp/B07ZFT873B/ref=sr_1_298,K London Stylish Real Leather Black Waist Bag Elegant Style Travel Pouch Passport Holder with Adjustable Strap(246_Black),₹335,4.2,"2,373"
https://www.amazon.in//sspa/click,"Carbonado X24 - Motocross, Biking, Cycling, Marathon running, Travelling,Adventure Backpack with Hydration pack support - Holds laptop upto 15inch (Racing Red)","₹4,950",N/A,N/A
https://www.amazon.in//sspa/click,TriPole Tusker Roller Top Laptop Backpack,"₹1,299",N/A,N/A
https://www.amazon.in//Swiss-Military-Camouflage-Adjustable-LBP96/dp/B0BBLZ2KT8/ref=sr_1_301,"Swiss Military laptop Bag, Camouflage Print Multi Utility Backpack, Polyester, Adjustable Strap, USB Charging Socket (LBP96)","₹1,202",4.5,2
https://www.amazon.in//GOCART-LOGO-Backpack-Briefcase-Convertible/dp/B0822H451W/ref=sr_1_302,GOCART WITH G LOGO Laptop Backpack Casual Daypacks Briefcase Convertible Business Travel Rucksack with USB Charging Port Large College School Bookbag Computer Laptop Bag,"₹1,399",3.8,"1,453"
https://www.amazon.in//Skybags-Unisex-Black-Jacqard-Laptop/dp/B09ZV81F6M/ref=sr_1_303,Skybags Unisex Black Jacqard 34L Laptop Bags,"₹1,144",4.1,42
https://www.amazon.in//DZert-Girls-Polyester-White-Backpack/dp/B07H1BPCGQ/ref=sr_1_304,DZert Clasy Laptop Bag College Bag for Boys Girls 21 L Nevy Blue,₹339,3.8,"2,496"
https://www.amazon.in//Gear-Classic-Leather-Backpack-LBPCLSLTH0101/dp/B07G4D13LB/ref=sr_1_305,Gear Classic 20L Faux Leather Water Resistant Anti Theft Laptop Bag/Backpack for Men/Women-Black,₹979,4.4,"2,708"
https://www.amazon.in//Skybags-Unisex-Adjustable-Polyester-Backpack/dp/B0BJ74KLLY/ref=sr_1_306,Skybags Kick Unisex Adjustable Strap Polyester Laptop Backpack,"₹1,400",4.0,53
https://www.amazon.in//COSMUS-Polyester-Multi-functional-Convertible-15-6-Inch/dp/B07D1R1K84/ref=sr_1_307,COSMUS Agility Convertible Backpack Messenger Bag Shoulder bag Laptop Case Handbag Business Briefcase Multi-functional Travel Bag Fits 15.6 Inch Laptop,"₹2,255",4.2,965
https://www.amazon.in//F-Gear-Repel-Laptop-Backpacks/dp/B01GTS0LS2/ref=sr_1_308,F Gear Repel 30 ltrs Rain and Dust Cover for Laptop Bags and Backpacks,₹249,4.1,"2,291"
https://www.amazon.in//sspa/click,Lappee Trendy Casual Backpacks for School College Office Travel with Rain Cover | 15.6 inch Office Laptop Bags for Men Women | Sylish Heavy Duty School Bag for Boys Girls (Printed - Pink),₹899,5.0,5
https://www.amazon.in//sspa/click,"Funk For Hire Printed Leatherette 15.6"" inch Laptop Backpack with USB Charging Port","₹3,200",N/A,N/A
N/A,N/A,N/A,N/A,N/A
https://www.amazon.in//sspa/click,"EUME Propine Laptop Backpack | Built-in Massager, Water Resistant & Anti-Theft | Fits Up-to 15.6"" MacBook (Melange, 22L)","₹3,499",4.0,47
https://www.amazon.in//sspa/click,"uppercase SealPro Professional Laptop Backpack (15.6 Inch) 3x more water resistant sustainable bags with rain proof zippers & Anti-theft for Men, Women, Boys and Girls, 750 Days warranty","₹1,900",4.6,69
https://www.amazon.in//Storite-Laptop-Briefcase-Messenger-Bag/dp/B08VWF41VX/ref=sr_1_307,"Storite PU Leather 14 Inch Laptop Shoulder Messenger Sling Office Business Travel Bag for Men & Women (Brown, 40cm x 29cm x 6cm)",₹999,3.7,430
https://www.amazon.in//Kuber-Industries-Carrying-Multi-Purpose-CTKTC034726/dp/B083J6774T/ref=sr_1_308,Kuber Industries Rexine Jumbo Attachi Travel Blanket Cover|Travel Duffle|Storage Carrying Bag|Travel Multi-Purpose Bag|Size 58 x 48 x 34 CM (Grey) CTKTC034726,₹396,3.7,918
https://www.amazon.in//sspa/click,F Gear Luxur Black 25 liter Laptop Backpack,"₹1,167",4.3,"5,037"
https://www.amazon.in//sspa/click,ABLE Rider Laptop Backpack 40 litres - School/College/Casual Backpack with Headphone hole.,₹751,3.9,4
https://www.amazon.in//sspa/click,Lappee Trendy Casual Backpacks for School College Office Travel with Rain Cover | 15.6 inch Office Laptop Bags for Men Women | Sylish Heavy Duty School Bag for Boys Girls (Spacejack- Black),₹899,5.0,5
https://www.amazon.in//sspa/click,TRYBAGS Nord Large Size 32 Ltrs Casual Laptop Unisex Backpack,₹999,N/A,N/A
